"Store,Dept,lag_1_start,lag_2_start"
"1,1,27390.81,24185.27"
"1,2,43134.88,42354.72"
"1,3,9350.9,8548.87"
"1,4,36292.6,35549.19"
"1,5,25846.94,20413.83"
"1,6,4032.5,3496.69"
"1,7,21449.85,21937.45"
"1,8,39255.35,38668.75"
"1,9,41040.84,36690.81"
"1,10,26285.27,29442.38"
"1,11,22399.83,18259.82"
"1,12,8658.41,10830.48"
"1,13,38512.48,38341.15"
"1,14,11150.0,12035.51"
"1,16,9934.63,9518.43"
"1,17,7640.92,7640.43"
"1,18,17934.28,10569.09"
"1,19,1640.81,1247.56"
"1,20,2680.53,3640.07"
"1,21,8194.63,7614.71"
"1,22,8236.88,8236.39"
"1,23,21460.58,17191.96"
"1,24,7106.74,5355.52"
"1,25,11066.13,8702.47"
"1,26,7412.16,7004.13"
"1,27,1712.02,1841.73"
"1,28,742.48,656.45"
"1,29,4077.2,3739.1"
"1,30,2830.48,2559.08"
"1,31,1413.51,1529.52"
"1,32,5918.47,6241.78"
"1,33,6313.48,5170.49"
"1,34,9972.0,9544.78"
"1,35,1459.47,1555.93"
"1,36,1156.34,536.75"
"1,37,2566.42,2483.49"
"1,38,66526.76,68794.43"
"1,40,59287.86,56386.37"
"1,41,1784.96,1201.83"
"1,42,6786.97,7586.22"
"1,44,6593.58,6357.29"
"1,45,20.94,10.47"
"1,46,17950.88,16784.5"
"1,47,224.0,68.0"
"1,48,3341.0,784.0"
"1,49,8775.52,11082.52"
"1,51,3.0,11.12"
"1,52,2530.51,1634.61"
"1,54,4.88,28.92"
"1,55,10200.84,9438.28"
"1,56,882.69,1328.43"
"1,58,5295.0,6800.0"
"1,59,208.89,183.24"
"1,60,918.0,999.0"
"1,67,7319.25,6429.74"
"1,71,1370.83,2263.79"
"1,72,35282.73,36267.08"
"1,74,7986.96,9700.45"
"1,77,396.0,204.0"
"1,78,10.0,12.0"
"1,79,29294.29,27982.85"
"1,80,17918.31,19217.27"
"1,81,29107.55,29992.45"
"1,82,19702.26,20132.76"
"1,83,4912.05,5854.41"
"1,85,3818.23,2945.08"
"1,87,51212.09,48093.57"
"1,90,84064.59,88474.51"
"1,91,55472.46,64022.49"
"1,92,132155.74,146387.59"
"1,93,66622.89,75214.29"
"1,94,60278.73,62767.87"
"1,95,117375.38,123346.24"
"1,96,36851.92,37113.21"
"1,97,32830.52,36028.46"
"1,98,12702.86,13110.24"
"1,99,80.0,635.0"
"2,1,41615.24,35897.95"
"2,2,62475.44,64137.69"
"2,3,10731.67,11239.25"
"2,4,46098.84,43727.01"
"2,5,30891.9,27097.6"
"2,6,5253.54,6601.5"
"2,7,37302.54,37468.15"
"2,8,63992.36,60502.97"
"2,9,34790.0,36812.56"
"2,10,34260.76,35721.09"
"2,11,21167.76,18513.04"
"2,12,8060.19,8206.99"
"2,13,47892.06,45272.78"
"2,14,18348.17,19174.57"
"2,16,7487.94,7769.29"
"2,17,12016.19,12404.85"
"2,18,26085.43,20327.21"
"2,19,4315.0,3290.89"
"2,20,3690.65,4463.78"
"2,21,7985.45,7988.96"
"2,22,13208.75,11371.19"
"2,23,26574.0,21873.41"
"2,24,7820.52,6937.84"
"2,25,12962.63,13573.3"
"2,26,9258.88,8022.05"
"2,27,2105.89,2090.89"
"2,28,1025.47,783.49"
"2,29,5563.13,6239.78"
"2,30,3869.88,4043.06"
"2,31,3263.14,3267.08"
"2,32,7406.89,10171.03"
"2,33,6969.78,5564.91"
"2,34,16047.51,14841.75"
"2,35,2671.37,2383.29"
"2,36,1033.32,867.88"
"2,37,3999.22,4460.76"
"2,38,70757.72,68932.17"
"2,39,0.78,0.78"
"2,40,77608.73,76958.58"
"2,41,1934.51,2977.8"
"2,42,8658.25,8549.4"
"2,44,11080.74,10959.31"
"2,45,10.47,20.94"
"2,46,26984.28,26336.61"
"2,47,156.0,-28.0"
"2,48,1420.0,5209.0"
"2,49,12565.94,15556.56"
"2,51,2.76,2.76"
"2,52,3589.04,3882.81"
"2,54,23.92,44.8"
"2,55,11189.37,10137.51"
"2,56,707.65,1489.24"
"2,58,25000.0,21485.0"
"2,59,287.25,290.91"
"2,60,261.0,396.0"
"2,67,10224.32,10946.18"
"2,71,3588.43,5319.04"
"2,72,48941.21,52176.54"
"2,74,14547.62,15467.96"
"2,77,204.0,1431.0"
"2,78,6.0,7.0"
"2,79,28451.69,27411.78"
"2,80,25410.09,27033.19"
"2,81,29040.96,29464.36"
"2,82,24997.37,24597.78"
"2,83,4489.72,5900.1"
"2,85,3298.84,2809.45"
"2,87,21623.54,21313.26"
"2,90,100544.64,102550.04"
"2,91,75329.8,80550.34"
"2,92,169784.13,175971.97"
"2,93,71383.59,75948.41"
"2,94,71138.52,73438.58"
"2,95,138018.99,146283.06"
"2,96,38391.46,38363.7"
"2,97,40710.09,41532.03"
"2,98,14233.43,14597.1"
"2,99,50.0,595.0"
"3,1,11351.24,10886.48"
"3,2,18894.7,19849.1"
"3,3,4730.72,5005.44"
"3,4,8459.82,9454.2"
"3,5,15307.6,14397.08"
"3,6,1435.94,1845.04"
"3,7,7749.8,10888.71"
"3,8,8495.07,8441.96"
"3,9,9582.02,10170.35"
"3,10,14112.99,12796.64"
"3,11,9291.66,12270.31"
"3,12,2648.01,2313.96"
"3,13,11696.34,13327.54"
"3,14,4716.3,5746.54"
"3,16,3285.67,4158.08"
"3,17,2634.51,3584.41"
"3,18,5104.31,3869.98"
"3,19,738.87,603.89"
"3,20,1601.47,2208.12"
"3,21,1223.23,1519.04"
"3,22,4748.81,4792.74"
"3,23,17384.54,12463.28"
"3,24,3281.16,2805.93"
"3,25,5134.03,4684.37"
"3,26,3295.95,3096.51"
"3,27,351.49,431.19"
"3,28,151.69,164.42"
"3,29,1423.02,1150.38"
"3,30,1104.44,1272.44"
"3,31,882.66,773.48"
"3,32,3405.21,5451.01"
"3,33,3236.91,3207.31"
"3,34,4667.42,3877.05"
"3,35,559.07,650.11"
"3,36,650.24,177.53"
"3,38,83489.04,91827.97"
"3,40,20235.51,20466.79"
"3,41,658.2,707.99"
"3,42,5582.25,3522.06"
"3,44,2981.53,2949.78"
"3,45,4.0,14.97"
"3,46,6332.3,5987.13"
"3,47,72.0,-78.0"
"3,49,11.88,8.91"
"3,51,16.2,1.86"
"3,52,1245.77,1257.25"
"3,54,23.92,5.88"
"3,55,6525.8,6086.5"
"3,56,312.62,547.24"
"3,59,20.0,-7.48"
"3,60,126.0,90.0"
"3,67,2053.75,2554.46"
"3,71,1107.68,728.34"
"3,72,23994.26,30939.46"
"3,74,3370.19,3816.39"
"3,77,1272.0,9.96"
"3,78,6.0,0.0"
"3,79,7512.73,8231.44"
"3,80,0.97,12.0"
"3,81,1863.23,1786.9"
"3,82,8566.11,8276.6"
"3,83,19.33,0.0"
"3,85,345.44,481.05"
"3,87,900.85,1893.8"
"3,90,1868.32,1702.9"
"3,91,376.04,392.84"
"3,92,9835.2,10108.11"
"3,94,313.78,15.52"
"3,95,17210.73,16784.09"
"3,96,4654.4,4557.65"
"3,97,578.26,458.89"
"3,98,21.5,9.0"
"4,1,57046.29,49604.49"
"4,2,93534.21,94432.15"
"4,3,12439.1,13028.48"
"4,4,57973.13,58016.81"
"4,5,46483.6,41777.74"
"4,6,6946.58,7694.9"
"4,7,47321.62,50064.05"
"4,8,60917.72,60359.28"
"4,9,37348.62,30920.08"
"4,10,37702.39,35931.08"
"4,11,21888.0,19031.98"
"4,12,8596.08,6790.82"
"4,13,72740.81,74635.37"
"4,14,28140.66,26723.81"
"4,16,6417.47,5880.13"
"4,17,15785.97,14353.29"
"4,18,38632.24,28745.85"
"4,19,3158.32,2589.91"
"4,20,7867.74,8467.31"
"4,21,7540.82,7763.21"
"4,22,18871.34,19551.47"
"4,23,53980.64,38198.94"
"4,24,12399.01,10446.02"
"4,25,15215.65,16396.28"
"4,26,24575.8,22701.86"
"4,27,3477.66,2606.63"
"4,28,1393.97,802.33"
"4,29,10045.1,9220.2"
"4,30,6384.78,5888.82"
"4,31,3792.3,2700.66"
"4,32,10943.59,10391.78"
"4,33,13781.67,11620.06"
"4,34,29227.24,23084.78"
"4,35,3804.5,2657.77"
"4,36,3298.92,2201.75"
"4,37,3220.47,3770.6"
"4,38,78355.42,67825.56"
"4,39,1.56,0.0"
"4,40,82878.16,79449.38"
"4,41,1709.26,1760.16"
"4,42,10437.18,10675.14"
"4,44,7605.63,6997.43"
"4,45,10.47,10.47"
"4,46,33199.8,33173.83"
"4,47,-298.0,-88.0"
"4,48,3740.0,1862.0"
"4,49,6369.4,8005.57"
"4,51,3.96,15.84"
"4,52,3970.26,2722.22"
"4,54,20.52,23.92"
"4,55,15844.67,12968.58"
"4,56,567.52,1136.43"
"4,58,5915.0,1820.0"
"4,59,399.8,365.71"
"4,60,414.0,279.0"
"4,67,10897.73,12737.25"
"4,71,6045.67,5403.21"
"4,72,90201.62,91918.26"
"4,74,17083.48,16279.61"
"4,77,350.0,175.0"
"4,78,12.0,24.0"
"4,79,55143.62,54362.55"
"4,80,18631.04,19708.86"
"4,81,32237.17,34010.96"
"4,82,31562.47,30356.83"
"4,83,8801.25,10139.15"
"4,85,1762.15,2240.94"
"4,87,16521.28,14646.38"
"4,90,94014.08,98779.24"
"4,91,64274.43,67800.65"
"4,92,164891.82,177406.75"
"4,93,72324.59,76919.09"
"4,94,76523.09,76081.44"
"4,95,145803.47,154909.22"
"4,96,48394.57,45330.86"
"4,97,40973.69,42478.7"
"4,98,19176.14,17641.28"
"4,99,260.0,490.0"
"5,1,12774.47,11093.36"
"5,2,11523.89,11869.45"
"5,3,3459.89,3312.98"
"5,4,10036.57,9588.55"
"5,5,6342.69,6889.3"
"5,6,685.48,610.14"
"5,7,5418.2,6459.15"
"5,8,14511.19,15361.2"
"5,9,8775.95,8774.46"
"5,10,8693.19,9308.13"
"5,11,6741.12,6009.48"
"5,12,3260.71,2396.43"
"5,13,11306.03,10642.62"
"5,14,3111.77,3258.89"
"5,16,4832.89,4371.38"
"5,17,2207.36,3078.6"
"5,18,3362.24,2018.64"
"5,19,32.88,16.44"
"5,20,789.34,919.3"
"5,21,1398.88,927.93"
"5,22,2591.63,2908.78"
"5,23,6042.15,4912.79"
"5,24,1493.12,1188.42"
"5,25,2483.26,2518.65"
"5,26,1397.08,1874.24"
"5,27,445.62,504.06"
"5,28,245.31,202.59"
"5,29,1029.9,988.28"
"5,30,696.16,739.98"
"5,31,652.22,497.72"
"5,32,1853.03,2621.79"
"5,33,1423.47,1432.39"
"5,34,3200.56,2701.22"
"5,35,248.91,578.74"
"5,36,370.04,130.74"
"5,38,56913.22,55725.8"
"5,40,19823.71,19942.6"
"5,41,1417.52,1248.23"
"5,42,3132.88,2592.33"
"5,44,1512.75,1703.25"
"5,45,95.76,23.94"
"5,46,4210.79,3954.89"
"5,47,204.5,224.0"
"5,49,24.0,21.97"
"5,51,5.56,4.16"
"5,52,420.42,419.99"
"5,54,5.88,28.92"
"5,55,3448.15,3206.19"
"5,56,502.09,1052.96"
"5,58,3370.0,615.0"
"5,59,7.98,5.27"
"5,60,189.0,270.0"
"5,67,2893.37,3059.22"
"5,71,478.8,252.25"
"5,72,9271.21,10921.28"
"5,74,2850.52,2735.48"
"5,77,-23.85,954.0"
"5,78,6.0,0.0"
"5,79,4824.24,4970.06"
"5,80,1.0,1.0"
"5,81,2771.12,2840.61"
"5,82,4288.31,3715.25"
"5,85,626.58,678.85"
"5,87,9987.23,10916.11"
"5,90,3309.21,3244.46"
"5,91,1422.07,1375.17"
"5,92,9243.53,9368.08"
"5,94,310.04,19.4"
"5,95,19630.59,19413.22"
"5,96,8704.87,7775.71"
"5,97,561.35,622.36"
"5,98,22.0,10.0"
"6,1,30579.35,27700.81"
"6,2,46877.87,47320.06"
"6,3,11131.34,11695.54"
"6,4,31369.59,32662.08"
"6,5,29279.52,28362.98"
"6,6,3638.53,5440.62"
"6,7,22943.1,22424.69"
"6,8,48648.83,47558.06"
"6,9,46317.01,47228.84"
"6,10,43664.52,46178.9"
"6,11,18004.17,16030.86"
"6,12,5346.99,6175.28"
"6,13,35443.94,36813.73"
"6,14,22617.71,20929.45"
"6,16,8816.87,10079.51"
"6,17,12422.69,13980.31"
"6,18,27810.08,22607.26"
"6,19,2700.71,3308.11"
"6,20,6197.34,7419.55"
"6,21,7320.9,7224.02"
"6,22,16646.6,16188.59"
"6,23,28093.3,25334.91"
"6,24,5679.56,4682.22"
"6,25,11177.16,11072.92"
"6,26,9366.39,8044.17"
"6,27,1830.15,1663.54"
"6,28,964.83,509.84"
"6,29,5644.86,5205.64"
"6,30,4794.16,4483.31"
"6,31,2844.4,2810.92"
"6,32,4840.81,8166.05"
"6,33,7220.61,5674.55"
"6,34,16077.61,14061.86"
"6,35,2489.93,2594.58"
"6,36,1420.85,657.59"
"6,37,3585.49,4254.83"
"6,38,69318.89,70336.13"
"6,40,62392.73,62213.08"
"6,41,4000.44,4496.05"
"6,42,8570.77,9909.28"
"6,44,9359.78,9664.56"
"6,45,11.97,11.97"
"6,46,21035.05,20329.37"
"6,47,58.0,389.0"
"6,48,3951.0,4002.0"
"6,49,12057.68,12059.73"
"6,51,8.0,2.0"
"6,52,3831.89,4066.49"
"6,54,34.8,120.56"
"6,55,12226.16,10806.17"
"6,56,1610.08,2639.18"
"6,58,3185.0,3755.0"
"6,59,157.78,312.02"
"6,60,324.0,360.0"
"6,67,9646.39,10328.67"
"6,71,4214.53,5376.56"
"6,72,77553.69,65821.75"
"6,74,20929.19,19867.42"
"6,77,-21.63,1272.0"
"6,78,7.0,7.0"
"6,79,21201.94,21967.16"
"6,80,13606.54,13603.81"
"6,81,13758.76,13982.69"
"6,82,17973.76,19006.05"
"6,83,3369.58,3398.57"
"6,85,1538.06,1593.76"
"6,87,40187.84,43855.98"
"6,90,51327.79,53340.94"
"6,91,40456.36,45019.75"
"6,92,97646.76,100390.24"
"6,93,38858.72,43285.18"
"6,94,41314.21,43096.21"
"6,95,82996.21,82656.99"
"6,96,28871.01,27990.84"
"6,97,19156.68,19644.78"
"6,98,10976.13,11040.84"
"6,99,65.0,440.0"
"7,1,10983.79,9771.51"
"7,2,19764.51,19802.51"
"7,3,6861.92,5800.98"
"7,4,12634.41,12959.79"
"7,5,12047.8,8948.04"
"7,6,2760.42,3064.68"
"7,7,4964.7,6224.19"
"7,8,14193.09,14121.14"
"7,9,21331.39,56788.88"
"7,10,23238.89,18566.32"
"7,11,13922.22,13344.05"
"7,12,4252.02,4632.5"
"7,13,14654.4,13452.17"
"7,14,9263.35,8656.37"
"7,16,5488.92,5566.86"
"7,17,6658.58,4470.08"
"7,18,8236.59,5308.02"
"7,19,-6.94,10.97"
"7,20,3152.31,2814.79"
"7,21,1282.71,1636.9"
"7,22,7370.58,7311.57"
"7,23,15428.12,14822.21"
"7,24,2920.9,2824.08"
"7,25,4845.01,5124.93"
"7,26,2037.33,2446.7"
"7,27,690.93,663.69"
"7,28,300.92,302.93"
"7,29,1658.35,1310.92"
"7,30,874.25,749.72"
"7,31,1780.2,1772.8"
"7,32,2763.11,3415.94"
"7,33,2941.9,2338.11"
"7,34,3467.47,3543.29"
"7,35,26.97,28.97"
"7,36,1146.24,1945.3"
"7,38,26305.74,26014.56"
"7,40,24720.11,24372.98"
"7,41,1676.51,2228.31"
"7,42,5577.03,7272.13"
"7,44,3972.02,3555.69"
"7,45,35.82,8.97"
"7,46,11020.83,10985.29"
"7,47,-389.0,15.0"
"7,48,2207.0,1392.0"
"7,49,50.85,41.88"
"7,51,1.98,15.0"
"7,52,1200.49,891.88"
"7,54,28.92,38.92"
"7,55,4697.73,3803.58"
"7,56,483.51,428.44"
"7,58,1395.0,450.0"
"7,59,10.82,7.98"
"7,60,108.0,45.0"
"7,67,3634.69,3185.82"
"7,71,1845.15,1851.18"
"7,72,34076.17,31729.1"
"7,74,8521.39,9748.21"
"7,77,198.0,198.0"
"7,78,12.0,0.0"
"7,79,5268.23,4393.89"
"7,80,361.38,440.69"
"7,81,5625.47,6127.78"
"7,82,8314.17,8946.38"
"7,83,501.44,536.5"
"7,85,1597.03,1736.71"
"7,87,13468.52,11962.9"
"7,90,13211.75,14041.78"
"7,91,9435.59,9899.82"
"7,92,25090.81,26015.64"
"7,93,1583.42,1725.26"
"7,94,1163.11,2430.16"
"7,95,29875.27,30696.32"
"7,96,787.08,584.93"
"7,97,3744.1,4119.92"
"7,98,68.57,166.44"
"7,99,15.0,0.0"
"8,1,21737.93,17609.23"
"8,2,33040.14,35910.29"
"8,3,7342.71,6319.96"
"8,4,21285.75,22333.67"
"8,5,22937.37,18115.19"
"8,6,2182.33,2217.46"
"8,7,18736.83,16433.23"
"8,8,28203.99,27081.73"
"8,9,9919.56,11503.68"
"8,10,20167.4,22786.86"
"8,11,18872.4,15160.83"
"8,12,7934.59,7947.86"
"8,13,25077.1,25897.94"
"8,14,9257.35,10264.88"
"8,16,4740.49,5502.61"
"8,17,6408.52,5774.31"
"8,18,17584.45,10941.45"
"8,19,574.23,660.58"
"8,20,2884.7,2945.16"
"8,21,3725.13,4092.21"
"8,22,6734.84,6975.12"
"8,23,16141.86,13181.97"
"8,24,3567.71,3749.43"
"8,25,6152.58,6246.91"
"8,26,6238.3,5886.29"
"8,27,1427.0,1126.62"
"8,28,433.71,333.61"
"8,29,2778.68,2417.77"
"8,30,1764.7,1684.78"
"8,31,1732.55,1143.48"
"8,32,3790.65,4662.19"
"8,33,6325.97,4969.91"
"8,34,7032.21,6906.75"
"8,35,1600.57,1139.81"
"8,36,1092.87,497.01"
"8,37,2002.96,2540.23"
"8,38,66858.65,56048.77"
"8,40,38968.38,39902.29"
"8,41,1322.41,1453.57"
"8,42,5674.55,5137.45"
"8,44,5620.63,4566.67"
"8,45,11.97,9.97"
"8,46,16293.74,16819.28"
"8,47,199.0,59.5"
"8,49,2016.04,1691.09"
"8,51,1.0,5.56"
"8,52,1311.94,1374.66"
"8,54,12.0,8.0"
"8,55,5779.53,5751.04"
"8,56,924.96,2356.82"
"8,58,1105.0,1060.0"
"8,59,202.6,135.99"
"8,60,270.0,279.0"
"8,67,5294.25,5781.79"
"8,71,804.21,1686.64"
"8,72,33898.36,35669.07"
"8,74,9268.34,7333.57"
"8,77,363.0,159.0"
"8,78,1.0,9.88"
"8,79,18832.68,21077.37"
"8,80,9688.6,10736.7"
"8,81,11987.36,12933.94"
"8,82,13955.52,13734.55"
"8,83,2229.78,2742.78"
"8,85,1703.84,1552.75"
"8,87,21104.04,22230.07"
"8,90,39666.9,43168.94"
"8,91,29222.81,34117.56"
"8,92,62127.74,69405.09"
"8,93,27094.94,30774.15"
"8,94,23836.43,26628.56"
"8,95,58817.79,64305.12"
"8,96,36.96,3.0"
"8,97,16400.61,18776.81"
"8,98,7946.67,8116.62"
"8,99,0.01,0.03"
"9,1,20194.31,15325.8"
"9,2,24859.9,26931.98"
"9,3,5918.55,5804.85"
"9,4,18553.19,18618.3"
"9,5,21424.9,18200.94"
"9,6,2211.29,2118.52"
"9,7,13531.67,12664.42"
"9,8,24315.0,25232.34"
"9,9,14034.4,12813.42"
"9,10,13680.78,13601.81"
"9,11,14595.69,14117.36"
"9,12,7703.64,6233.47"
"9,13,22036.07,24219.68"
"9,14,7519.39,7011.9"
"9,16,3199.63,4342.63"
"9,17,4912.37,5403.61"
"9,18,8447.32,5019.19"
"9,19,1730.33,1524.39"
"9,20,3026.98,2081.82"
"9,21,3585.47,3454.09"
"9,22,5489.69,6447.12"
"9,23,14564.38,10702.87"
"9,24,3609.43,2335.25"
"9,25,4454.19,4359.91"
"9,26,4542.65,3944.67"
"9,27,776.43,716.37"
"9,28,264.31,460.96"
"9,29,2212.08,1699.37"
"9,30,1351.3,1623.42"
"9,31,1376.67,701.47"
"9,32,3276.93,5333.75"
"9,33,3252.56,2553.78"
"9,34,5772.33,5038.94"
"9,35,934.73,750.18"
"9,36,517.74,496.82"
"9,38,62385.5,66380.13"
"9,40,30853.03,33330.87"
"9,41,1328.79,1086.5"
"9,42,3469.16,3996.22"
"9,44,4744.86,4324.85"
"9,45,11.97,11.97"
"9,46,6753.66,6793.64"
"9,47,38.0,198.0"
"9,48,654.0,928.0"
"9,49,35.0,55.0"
"9,51,1.0,12.0"
"9,52,1802.55,1626.08"
"9,54,5.88,28.92"
"9,55,7751.17,6603.49"
"9,56,830.57,1010.86"
"9,59,15.0,6.14"
"9,60,108.0,54.0"
"9,67,4032.72,3458.92"
"9,71,1274.55,917.98"
"9,72,30555.0,29913.68"
"9,74,6826.07,7113.08"
"9,77,159.0,795.0"
"9,78,12.88,-12.88"
"9,79,12637.94,13628.79"
"9,80,1.88,3.76"
"9,81,2592.77,2637.69"
"9,82,10562.22,11299.5"
"9,85,593.69,229.11"
"9,87,12359.73,13786.17"
"9,90,3096.77,3126.61"
"9,91,914.84,923.6"
"9,92,18310.28,19304.95"
"9,93,34.9,7.58"
"9,94,233.02,23.28"
"9,95,32382.05,34031.01"
"9,96,4752.25,3540.05"
"9,97,-9.92,83.24"
"9,98,6.0,-1.0"
"10,1,58409.83,44224.36"
"10,2,101458.77,102492.76"
"10,3,20447.3,19960.47"
"10,4,44849.91,44762.46"
"10,5,51926.77,49277.87"
"10,6,8891.25,5992.58"
"10,7,54045.23,60225.85"
"10,8,85331.99,85710.76"
"10,9,57271.82,54777.95"
"10,10,43637.06,46947.21"
"10,11,25448.11,25507.61"
"10,12,9043.49,8245.89"
"10,13,61010.32,58976.21"
"10,14,31883.89,38299.34"
"10,16,11397.55,15007.93"
"10,17,24781.75,25287.66"
"10,18,27426.84,22814.92"
"10,19,3271.02,2955.1"
"10,20,14224.36,13732.6"
"10,21,8204.13,8832.31"
"10,22,21182.97,21332.07"
"10,23,59735.58,58628.76"
"10,24,14343.91,15063.33"
"10,25,19972.18,19799.74"
"10,26,19104.2,19797.67"
"10,27,4319.35,4211.05"
"10,28,1658.31,1118.61"
"10,29,14338.8,12892.74"
"10,30,9111.61,8533.1"
"10,31,3956.53,3540.28"
"10,32,18693.86,14967.02"
"10,33,13632.53,14465.38"
"10,34,38454.92,39109.96"
"10,35,6156.67,7242.79"
"10,36,1311.16,788.54"
"10,37,3850.57,4135.98"
"10,38,76447.65,86841.22"
"10,40,95015.0,94644.66"
"10,41,17583.84,17263.51"
"10,42,12047.34,12286.06"
"10,44,10779.14,9840.86"
"10,45,10.47,10.47"
"10,46,48375.09,46611.46"
"10,47,55.0,-98.0"
"10,48,2865.0,6184.0"
"10,49,20601.66,22268.32"
"10,50,4589.98,4627.0"
"10,51,8.77,3.08"
"10,52,4693.25,4401.88"
"10,54,43.8,114.0"
"10,55,16042.55,14704.91"
"10,56,775.17,1195.63"
"10,58,3180.0,5450.0"
"10,59,296.62,261.14"
"10,60,558.0,450.0"
"10,67,11786.49,12205.47"
"10,71,12097.06,10219.6"
"10,72,121126.83,101213.23"
"10,74,33862.98,33927.57"
"10,77,1590.0,0.0"
"10,78,0.0,-12.0"
"10,79,31374.16,34354.98"
"10,80,299.09,205.74"
"10,81,10095.2,10596.78"
"10,82,22861.31,22789.7"
"10,83,185.24,237.62"
"10,85,2532.87,2520.85"
"10,87,26972.25,28251.09"
"10,90,14511.07,14359.3"
"10,91,10937.52,12394.97"
"10,92,53198.97,55225.23"
"10,93,1079.06,964.36"
"10,94,795.76,494.02"
"10,95,64643.03,68044.5"
"10,96,13966.23,14763.96"
"10,97,4785.28,4683.88"
"10,98,560.02,578.46"
"11,1,23746.39,22821.58"
"11,2,49926.25,48616.84"
"11,3,9984.61,10617.44"
"11,4,25043.74,25563.78"
"11,5,38746.01,38894.15"
"11,6,3818.54,2970.35"
"11,7,29330.56,27241.47"
"11,8,32511.65,33275.76"
"11,9,13029.18,15730.25"
"11,10,21151.25,23048.26"
"11,11,12559.54,13387.95"
"11,12,3910.25,4372.57"
"11,13,36577.53,38081.81"
"11,14,19750.98,21274.18"
"11,16,5460.01,5241.25"
"11,17,11043.67,11136.92"
"11,18,26919.59,19225.95"
"11,19,2317.57,1779.19"
"11,20,6879.16,7540.6"
"11,21,5454.16,6483.21"
"11,22,13919.79,12374.39"
"11,23,31786.39,28560.9"
"11,24,8044.8,6107.88"
"11,25,10082.51,10197.64"
"11,26,10504.84,9759.02"
"11,27,2638.82,2594.25"
"11,28,1511.44,1128.01"
"11,29,6945.68,7354.9"
"11,30,5206.03,4227.44"
"11,31,1983.83,1542.3"
"11,32,8150.62,7937.91"
"11,33,7662.38,5303.65"
"11,34,17753.42,16188.07"
"11,35,3787.6,3031.3"
"11,36,979.9,563.77"
"11,37,3701.83,4211.24"
"11,38,58593.72,72572.34"
"11,40,49642.06,49845.63"
"11,41,1946.35,1544.84"
"11,42,5557.46,5897.86"
"11,44,7879.89,7006.71"
"11,45,10.47,10.47"
"11,46,23057.44,21620.69"
"11,47,85.0,-158.0"
"11,48,30.0,30.0"
"11,49,8844.27,10140.21"
"11,50,20.0,19.0"
"11,51,-3.0,6.16"
"11,52,3253.44,2876.69"
"11,54,110.64,37.92"
"11,55,9679.31,7694.66"
"11,56,1277.31,2015.48"
"11,58,2915.0,800.0"
"11,59,258.21,298.26"
"11,60,189.0,225.0"
"11,67,8959.07,8512.9"
"11,71,8904.88,10442.23"
"11,72,63717.3,66437.93"
"11,74,16832.48,18725.18"
"11,77,-11.88,198.0"
"11,78,3.0,2.0"
"11,79,26063.31,27094.12"
"11,80,12244.35,13078.8"
"11,81,11748.39,11637.55"
"11,82,19304.06,23017.65"
"11,83,2221.91,3358.65"
"11,85,1580.24,1877.28"
"11,87,17412.14,16128.3"
"11,90,44530.77,46644.26"
"11,91,35361.01,40027.65"
"11,92,71189.31,79390.96"
"11,93,27229.43,31098.31"
"11,94,37072.33,38110.02"
"11,95,65344.85,70205.89"
"11,96,21321.86,20118.02"
"11,97,14020.34,15721.57"
"11,98,9646.8,9483.44"
"11,99,70.0,700.0"
"12,1,25883.95,19839.67"
"12,2,73961.07,72884.73"
"12,3,10252.99,11444.13"
"12,4,25702.59,26149.64"
"12,5,23771.22,25715.25"
"12,6,3179.98,4692.22"
"12,7,30860.6,30436.4"
"12,8,43391.78,41756.38"
"12,9,16937.79,14716.17"
"12,10,15612.01,17105.12"
"12,11,14795.79,13507.9"
"12,12,4612.06,4698.27"
"12,13,45846.87,45177.49"
"12,14,17934.71,15781.01"
"12,16,3083.34,4009.15"
"12,17,9926.86,11429.27"
"12,18,33217.2,24555.28"
"12,19,3131.42,2844.62"
"12,20,5347.41,5703.9"
"12,21,3650.35,3464.92"
"12,22,8562.98,8767.93"
"12,23,38804.73,35389.3"
"12,24,12282.99,11312.87"
"12,25,19559.17,18078.58"
"12,26,20077.46,19304.96"
"12,27,3518.42,2055.29"
"12,28,1112.99,771.04"
"12,29,7703.18,6021.58"
"12,30,6282.51,4480.37"
"12,31,2860.29,2576.07"
"12,32,7257.85,6270.42"
"12,33,11329.61,9589.65"
"12,34,20746.05,20959.26"
"12,35,2517.57,2244.71"
"12,36,2764.07,1865.49"
"12,38,49993.05,64564.79"
"12,40,47811.46,48132.68"
"12,41,1740.32,1880.16"
"12,42,6841.27,6821.28"
"12,44,9928.16,8302.77"
"12,45,139.0,-139.0"
"12,46,32315.34,30756.94"
"12,47,49.86,-548.0"
"12,49,-5.97,2.97"
"12,51,7.0,-7.0"
"12,52,4093.44,3205.64"
"12,54,76.76,-22.92"
"12,55,8546.28,9617.42"
"12,56,9.88,141.21"
"12,58,2540.0,2250.0"
"12,59,213.35,273.72"
"12,60,387.0,252.0"
"12,67,6309.57,6015.74"
"12,71,6185.66,7840.02"
"12,72,45390.88,51743.0"
"12,74,14346.86,15595.57"
"12,77,164.88,164.88"
"12,78,3.0,3.0"
"12,79,40426.56,40232.8"
"12,80,95.01,77.98"
"12,81,6519.66,6408.9"
"12,82,17537.23,14411.38"
"12,83,298.58,389.08"
"12,85,1266.25,1647.49"
"12,87,12899.28,12434.99"
"12,90,11093.0,11458.18"
"12,91,5863.39,5666.6"
"12,92,24816.68,24641.14"
"12,93,511.44,511.88"
"12,94,353.7,357.12"
"12,95,36971.46,37322.29"
"12,96,1.0,1.0"
"12,97,2260.16,2032.2"
"12,98,575.06,384.34"
"12,99,29.88,0.0"
"13,1,73165.41,59197.86"
"13,2,71889.05,74957.33"
"13,3,18176.94,16150.25"
"13,4,43265.8,43248.62"
"13,5,46964.71,50482.05"
"13,6,4966.09,5635.58"
"13,7,39941.45,42991.39"
"13,8,37872.71,37159.8"
"13,9,24363.94,36791.7"
"13,10,39956.03,31860.4"
"13,11,21899.45,21601.54"
"13,12,7723.65,8126.71"
"13,13,48124.32,49102.01"
"13,14,23960.58,27829.46"
"13,16,6036.21,6031.43"
"13,17,17360.86,17265.64"
"13,18,43039.87,34064.14"
"13,19,4841.78,3435.04"
"13,20,6565.5,8211.85"
"13,21,7766.34,7672.91"
"13,22,16007.48,16932.22"
"13,23,40228.51,29756.37"
"13,24,17336.4,11116.81"
"13,25,28142.58,15414.37"
"13,26,17971.55,14766.42"
"13,27,4528.05,3532.92"
"13,28,3049.99,2054.61"
"13,29,7365.45,6557.57"
"13,30,4515.37,4304.54"
"13,31,7314.91,4047.61"
"13,32,7868.19,8248.28"
"13,33,16530.94,12401.4"
"13,34,20822.13,19604.0"
"13,35,2676.85,2747.46"
"13,36,1852.7,1332.26"
"13,37,3549.53,3834.13"
"13,38,92092.84,88325.74"
"13,40,77927.39,77052.02"
"13,41,2820.28,2412.5"
"13,42,7707.68,8493.34"
"13,43,1.07,0.0"
"13,44,12780.02,11696.56"
"13,45,23.91,5.97"
"13,46,38219.89,38083.14"
"13,47,-98.0,20.0"
"13,48,1241.0,1681.0"
"13,49,7770.71,9074.94"
"13,50,1486.0,1215.5"
"13,51,7.12,3.56"
"13,52,4738.93,5182.62"
"13,54,16.88,52.84"
"13,55,17414.45,13302.4"
"13,56,1572.62,2188.44"
"13,58,12805.0,9297.97"
"13,59,294.93,388.33"
"13,60,756.0,846.0"
"13,67,14244.82,14744.56"
"13,71,6411.58,7316.44"
"13,72,63039.92,70706.19"
"13,74,26833.9,26904.82"
"13,77,1272.0,0.0"
"13,78,10.0,0.0"
"13,79,49904.89,51108.0"
"13,80,18743.54,19456.14"
"13,81,32497.21,33494.37"
"13,82,31526.31,31664.75"
"13,83,3955.55,4454.05"
"13,85,4671.35,4582.07"
"13,87,19042.89,18904.97"
"13,90,128116.96,130456.3"
"13,91,80238.08,86687.87"
"13,92,183483.92,184451.36"
"13,93,49032.14,55151.64"
"13,94,75470.79,75983.09"
"13,95,127416.33,137768.88"
"13,96,8675.36,10395.52"
"13,97,26894.79,29538.03"
"13,98,17703.39,16457.17"
"13,99,210.0,1130.0"
"14,1,48143.51,34056.51"
"14,2,61378.96,58922.88"
"14,3,8796.57,9296.73"
"14,4,43258.67,40276.57"
"14,5,33972.05,32704.6"
"14,6,4463.68,3283.16"
"14,7,47048.93,36223.7"
"14,8,48336.61,44711.18"
"14,9,22905.37,13149.92"
"14,10,15767.6,15584.84"
"14,11,12906.02,15842.14"
"14,12,4962.44,3838.92"
"14,13,50891.22,49761.38"
"14,14,19284.29,17165.82"
"14,16,2907.19,2428.52"
"14,17,18328.9,17135.92"
"14,18,28427.26,21038.61"
"14,19,2465.33,2342.98"
"14,20,7361.76,7856.69"
"14,21,6759.95,6395.79"
"14,22,12669.03,12428.87"
"14,23,30154.93,32408.75"
"14,24,8759.7,9074.39"
"14,25,10955.38,12734.82"
"14,26,13185.75,13010.84"
"14,27,2732.48,2718.7"
"14,28,1950.88,1549.83"
"14,29,8224.51,7014.68"
"14,30,4928.94,3771.68"
"14,31,2798.6,3178.49"
"14,32,8083.79,7720.81"
"14,33,9307.8,9009.65"
"14,34,25005.05,22960.42"
"14,35,3644.39,3700.84"
"14,36,1560.95,2174.88"
"14,38,81545.6,84021.86"
"14,40,60254.06,60407.63"
"14,41,4077.44,4164.96"
"14,42,6639.76,6406.04"
"14,43,0.25,0.0"
"14,44,6178.72,5837.14"
"14,45,4.5,19.96"
"14,46,25377.12,23851.83"
"14,47,15.0,-65.0"
"14,49,13745.64,13495.92"
"14,50,1611.0,2090.0"
"14,51,13.38,2.96"
"14,52,2040.33,2503.76"
"14,54,-5.04,28.92"
"14,55,14159.81,8529.14"
"14,56,773.78,1121.92"
"14,58,13550.0,12000.0"
"14,59,276.09,217.26"
"14,60,234.0,360.0"
"14,67,11561.23,10653.97"
"14,71,6073.54,7120.56"
"14,72,63071.17,69389.31"
"14,74,16896.59,15857.37"
"14,77,198.0,159.0"
"14,78,12.88,0.0"
"14,79,28966.89,28133.28"
"14,80,30902.07,28856.34"
"14,81,35548.17,31414.28"
"14,82,31561.93,21580.65"
"14,83,7547.23,7104.27"
"14,85,1642.71,2000.79"
"14,87,16549.37,17169.39"
"14,90,96371.83,88422.49"
"14,91,74168.86,72196.75"
"14,92,164464.02,152511.55"
"14,93,46358.21,45081.22"
"14,94,52082.5,48198.4"
"14,95,121352.61,109526.8"
"14,96,3.0,1.98"
"14,97,21049.38,20209.73"
"14,98,15397.47,14365.6"
"14,99,90.0,750.0"
"15,1,21677.69,15744.7"
"15,2,23280.58,22798.92"
"15,3,7029.96,6579.58"
"15,4,12911.03,12596.73"
"15,5,15384.19,18593.51"
"15,6,1708.92,1938.14"
"15,7,20440.04,17827.07"
"15,8,20195.09,20383.23"
"15,9,14152.44,13545.28"
"15,10,10591.79,10938.34"
"15,11,11254.63,10895.75"
"15,12,3493.79,3171.83"
"15,13,17252.06,17714.49"
"15,14,9164.35,10777.0"
"15,16,2687.59,3389.21"
"15,17,10027.9,10482.91"
"15,18,7041.82,5133.8"
"15,19,1046.58,1211.85"
"15,20,3271.8,4118.47"
"15,21,2959.0,2507.53"
"15,22,5582.9,8609.79"
"15,23,19815.37,19816.74"
"15,24,4367.31,5113.91"
"15,25,7571.73,8936.9"
"15,26,4838.85,6007.51"
"15,27,1593.41,1550.67"
"15,28,1036.32,886.78"
"15,29,3837.51,3082.76"
"15,30,1947.34,1813.8"
"15,31,2343.69,1955.48"
"15,32,4229.74,3361.99"
"15,33,4770.0,5526.16"
"15,34,11964.47,13242.96"
"15,35,2354.25,2788.39"
"15,36,1230.69,1293.9"
"15,37,-2.5,0.0"
"15,38,49243.96,48454.95"
"15,40,27476.77,31422.29"
"15,41,1970.46,1011.13"
"15,42,3901.42,4042.59"
"15,43,3.0,3.0"
"15,44,4133.48,3806.29"
"15,45,19.86,-19.86"
"15,46,10997.11,9670.37"
"15,47,-28.0,189.5"
"15,48,240.0,13.96"
"15,49,10316.06,9163.82"
"15,50,2163.0,2113.0"
"15,51,9.96,9.96"
"15,52,1575.2,1351.43"
"15,54,45.92,28.92"
"15,55,5846.85,4256.85"
"15,56,811.1,932.77"
"15,58,900.0,1540.0"
"15,59,88.93,143.45"
"15,60,63.0,125.0"
"15,67,5937.75,4975.84"
"15,71,3985.52,3806.78"
"15,72,32262.23,33050.65"
"15,74,10451.74,11286.31"
"15,77,204.0,204.0"
"15,78,3.0,5.0"
"15,79,7687.24,7232.69"
"15,80,63.2,30.82"
"15,81,4313.34,4092.46"
"15,82,10721.75,9542.26"
"15,83,176.74,182.28"
"15,85,1906.98,3150.38"
"15,87,9525.71,10443.45"
"15,90,5421.62,5168.93"
"15,91,3335.84,3403.26"
"15,92,20264.37,19120.36"
"15,93,384.24,346.24"
"15,94,11.0,7.0"
"15,95,24452.7,22990.87"
"15,96,3427.45,2575.88"
"15,97,1390.72,1526.62"
"15,98,211.29,303.75"
"15,99,29.88,0.0"
"16,1,13400.65,12442.68"
"16,2,20163.06,20693.6"
"16,3,5770.47,6629.18"
"16,4,13124.69,14580.73"
"16,5,9557.94,12572.3"
"16,6,2167.7,3656.75"
"16,7,7285.14,6935.47"
"16,8,15279.13,14402.31"
"16,9,19293.44,111246.19"
"16,10,18290.34,13059.48"
"16,11,14969.81,16271.93"
"16,12,4062.09,4238.12"
"16,13,14427.22,13973.45"
"16,14,8158.68,8085.43"
"16,16,3581.51,1889.77"
"16,17,8171.16,9075.73"
"16,18,9216.89,5525.75"
"16,19,2255.15,2043.72"
"16,20,3310.61,3086.84"
"16,21,2611.09,2659.31"
"16,22,6957.78,6380.63"
"16,23,13297.65,12474.77"
"16,24,3041.05,2363.21"
"16,25,7428.52,5206.46"
"16,26,2341.06,2111.13"
"16,27,815.95,852.81"
"16,28,586.39,363.7"
"16,29,1638.01,1423.94"
"16,30,953.34,1141.72"
"16,31,1476.34,1193.03"
"16,32,3478.37,2904.44"
"16,33,3131.96,2258.37"
"16,34,5399.42,5455.99"
"16,35,48.88,80.82"
"16,36,1053.38,1359.92"
"16,38,32782.88,42311.34"
"16,40,26270.11,27089.79"
"16,41,663.94,1037.04"
"16,42,4291.78,4042.65"
"16,44,5755.17,5010.38"
"16,45,5.97,34.35"
"16,46,10185.7,9488.01"
"16,47,-400.0,375.0"
"16,48,499.0,297.0"
"16,49,28.58,14.85"
"16,51,1.98,2.0"
"16,52,1969.49,1959.22"
"16,54,16.0,25.64"
"16,55,4637.35,4911.81"
"16,56,733.1,1614.56"
"16,58,1460.0,1800.0"
"16,59,15.96,7.98"
"16,60,45.0,135.0"
"16,67,2751.15,3272.06"
"16,71,1918.35,1936.44"
"16,72,26632.47,27597.82"
"16,74,10019.69,9247.59"
"16,77,159.0,318.0"
"16,78,12.88,-12.88"
"16,79,4359.26,4057.92"
"16,80,553.9,650.16"
"16,81,3558.21,3973.02"
"16,82,8046.43,10023.51"
"16,83,106.0,199.96"
"16,85,1808.84,1830.54"
"16,87,11565.66,13156.35"
"16,90,7994.63,8358.93"
"16,91,6025.69,5845.76"
"16,92,23597.19,24368.21"
"16,93,791.16,871.68"
"16,94,1501.48,1381.28"
"16,95,25809.44,29025.48"
"16,96,92.24,85.71"
"16,97,2460.68,2857.6"
"16,98,88.77,99.64"
"16,99,59.76,0.0"
"17,1,39668.71,32681.0"
"17,2,43451.19,44326.26"
"17,3,13287.22,14059.86"
"17,4,25525.37,24199.11"
"17,5,23929.17,24820.19"
"17,6,2424.53,2884.16"
"17,7,13180.69,13071.99"
"17,8,20819.74,22170.77"
"17,9,19130.37,30113.76"
"17,10,18225.17,15792.77"
"17,11,15428.79,14408.55"
"17,12,7099.03,7761.36"
"17,13,22901.69,23260.27"
"17,14,12980.12,12460.57"
"17,16,3047.3,1228.51"
"17,17,10452.73,10463.29"
"17,18,19070.92,13328.98"
"17,19,6967.79,15000.98"
"17,20,2878.95,3768.07"
"17,21,3861.56,3677.43"
"17,22,5871.31,6913.41"
"17,23,18601.4,14024.49"
"17,24,7384.44,5110.87"
"17,25,11293.39,5197.65"
"17,26,12009.48,10250.47"
"17,27,2257.88,1758.7"
"17,28,2197.4,1788.63"
"17,29,3074.76,2801.61"
"17,30,2681.19,3159.71"
"17,31,3823.4,2087.58"
"17,32,5539.32,5717.4"
"17,33,7523.63,5497.05"
"17,34,10939.02,12787.96"
"17,35,1370.88,1341.93"
"17,36,1485.85,1163.99"
"17,38,70879.24,95596.11"
"17,40,50016.85,48077.13"
"17,41,24.0,16.0"
"17,42,3843.75,4367.42"
"17,44,10057.7,9383.57"
"17,45,17.94,38.85"
"17,46,28796.93,27430.1"
"17,47,-68.0,-259.0"
"17,48,3437.0,4085.0"
"17,49,30.88,35.64"
"17,51,-5.36,3.36"
"17,52,4144.04,4028.05"
"17,54,-11.0,87.76"
"17,55,11635.84,6563.6"
"17,56,82.2,128.23"
"17,58,1510.0,590.0"
"17,59,399.1,331.79"
"17,60,387.0,405.0"
"17,67,8634.78,7915.89"
"17,71,3652.15,2845.1"
"17,72,36690.34,45670.19"
"17,74,12954.07,13930.18"
"17,77,20.97,954.0"
"17,78,-19.76,9.88"
"17,79,27616.32,27785.29"
"17,80,1252.92,924.45"
"17,81,15855.85,15463.35"
"17,82,18505.76,18393.87"
"17,83,604.18,565.14"
"17,85,3910.82,3193.26"
"17,87,15015.83,16270.25"
"17,90,41870.6,41380.6"
"17,91,14318.51,15338.73"
"17,92,68052.93,66170.6"
"17,93,4262.39,4405.97"
"17,94,3227.4,2343.78"
"17,95,51697.72,54216.34"
"17,96,704.63,835.33"
"17,97,8404.32,8754.66"
"17,98,597.91,710.28"
"17,99,2.29,0.0"
"18,1,35198.5,22547.67"
"18,2,61082.86,57929.7"
"18,3,9929.02,10284.88"
"18,4,30371.8,27323.34"
"18,5,21466.31,23006.13"
"18,6,3212.84,3874.78"
"18,7,28305.05,25954.11"
"18,8,33880.77,31845.8"
"18,9,18809.08,9995.68"
"18,10,15671.66,16339.29"
"18,11,16922.99,18534.13"
"18,12,3855.48,3475.38"
"18,13,43219.77,42086.68"
"18,14,18941.94,24436.39"
"18,16,5060.51,4795.13"
"18,17,17741.17,14452.97"
"18,18,23402.78,16240.01"
"18,19,2435.45,2518.99"
"18,20,6831.11,7012.23"
"18,21,4130.41,3990.86"
"18,22,14520.65,15220.36"
"18,23,34150.91,33690.72"
"18,24,7290.09,8218.3"
"18,25,16932.77,17413.21"
"18,26,9701.51,11256.89"
"18,27,3083.2,3152.56"
"18,28,2316.79,1684.14"
"18,29,9657.13,10768.48"
"18,30,5917.68,4860.01"
"18,31,2459.71,2494.13"
"18,32,6842.45,7421.49"
"18,33,6841.77,8584.58"
"18,34,19055.36,18687.48"
"18,35,4034.94,4116.45"
"18,36,2320.55,2369.79"
"18,38,61940.58,57872.24"
"18,39,28.0,0.0"
"18,40,60018.08,59079.66"
"18,41,450.94,509.13"
"18,42,8046.23,6681.26"
"18,44,6626.8,5527.88"
"18,45,11.97,11.97"
"18,46,22651.95,21121.77"
"18,47,48.0,224.0"
"18,48,10.0,0.0"
"18,49,9405.73,12511.55"
"18,50,1042.0,1008.0"
"18,51,1.5,3.0"
"18,52,2226.1,2685.42"
"18,54,40.92,23.92"
"18,55,8752.39,6550.74"
"18,56,855.21,936.05"
"18,58,2175.0,6370.0"
"18,59,169.82,175.84"
"18,60,153.0,216.0"
"18,67,6612.4,6186.53"
"18,71,5721.31,5594.23"
"18,72,59084.72,51771.05"
"18,74,20132.84,19270.15"
"18,77,-9.0,318.0"
"18,78,3.0,-3.0"
"18,79,21832.43,21996.62"
"18,80,634.37,616.37"
"18,81,14036.52,12329.4"
"18,82,28394.02,14463.05"
"18,83,1622.36,1813.92"
"18,85,2374.69,1584.29"
"18,87,17935.77,19813.87"
"18,90,28935.82,26810.49"
"18,91,25552.73,24040.44"
"18,92,79880.45,68630.19"
"18,93,3040.58,3317.92"
"18,94,8188.72,8274.15"
"18,95,63251.27,54608.87"
"18,96,-11.51,-2.99"
"18,97,7883.3,7317.61"
"18,98,2304.62,2401.39"
"18,99,9.52,15.6"
"19,1,33686.67,23772.27"
"19,2,46788.18,46449.21"
"19,3,11691.02,10947.04"
"19,4,27783.22,28809.49"
"19,5,25760.45,25611.98"
"19,6,3857.38,3218.42"
"19,7,22844.02,29644.69"
"19,8,42484.11,43708.83"
"19,9,31404.13,37626.24"
"19,10,28101.78,33045.56"
"19,11,15790.65,16916.7"
"19,12,6370.86,5911.7"
"19,13,31426.88,31912.0"
"19,14,16746.9,16553.95"
"19,16,6855.51,6088.47"
"19,17,15292.5,16772.66"
"19,18,22735.49,14981.38"
"19,19,-1.94,0.75"
"19,20,4747.05,5560.19"
"19,21,5716.74,6254.42"
"19,22,9916.15,11701.46"
"19,23,28532.5,27528.56"
"19,24,4935.41,5428.61"
"19,25,11198.84,12142.37"
"19,26,7135.21,9400.17"
"19,27,3177.65,2773.01"
"19,28,1837.59,1310.8"
"19,29,5988.33,6049.62"
"19,30,3740.12,3534.42"
"19,31,3128.17,2525.66"
"19,32,5341.61,5210.4"
"19,33,5740.14,6039.32"
"19,34,15027.26,15529.2"
"19,35,2643.91,2775.16"
"19,36,1547.72,1789.88"
"19,37,3308.75,3553.76"
"19,38,69839.22,68727.55"
"19,39,28.31,8.94"
"19,40,52994.85,51474.68"
"19,41,3266.79,3145.48"
"19,42,6984.87,6607.77"
"19,44,7295.79,5113.46"
"19,45,15.0,2.25"
"19,46,18463.67,18199.23"
"19,47,-18.0,448.0"
"19,48,462.0,197.0"
"19,49,5009.53,5750.87"
"19,50,877.0,1237.0"
"19,51,9.96,9.96"
"19,52,1788.22,1669.23"
"19,54,28.92,34.92"
"19,55,10844.43,8607.92"
"19,56,1047.77,1716.18"
"19,58,8420.0,7760.0"
"19,59,240.24,306.76"
"19,60,351.0,459.0"
"19,67,11158.49,11592.12"
"19,71,4131.37,4830.52"
"19,72,66604.37,65738.89"
"19,74,15044.53,14574.87"
"19,77,700.0,700.0"
"19,78,10.0,15.0"
"19,79,17854.65,19085.85"
"19,80,20890.52,20174.75"
"19,81,20118.44,20233.93"
"19,82,20545.67,19398.55"
"19,83,2926.69,3159.95"
"19,85,4599.0,3928.76"
"19,87,20049.66,18658.46"
"19,90,64921.67,64746.44"
"19,91,47371.14,47677.09"
"19,92,109033.04,111288.85"
"19,93,32969.9,33428.14"
"19,94,31937.9,32038.28"
"19,95,85833.32,84269.04"
"19,96,14940.26,13888.31"
"19,97,16879.99,16995.67"
"19,98,13561.84,13532.21"
"19,99,80.0,870.0"
"20,1,55623.24,40958.43"
"20,2,71738.18,72108.34"
"20,3,10885.25,10187.36"
"20,4,49009.46,48732.66"
"20,5,43753.95,36795.8"
"20,6,6802.56,7620.23"
"20,7,64594.17,59021.74"
"20,8,81543.54,80737.08"
"20,9,37357.51,41607.01"
"20,10,51032.27,42972.82"
"20,11,20101.09,20785.63"
"20,12,8411.45,7096.3"
"20,13,52274.87,53400.87"
"20,14,20237.54,21686.04"
"20,16,4841.71,4591.16"
"20,17,18535.65,20037.44"
"20,18,22957.53,19233.89"
"20,19,-3.97,-44.82"
"20,20,4926.16,5856.26"
"20,21,11958.56,12238.31"
"20,22,11996.42,14342.43"
"20,23,32653.58,33218.67"
"20,24,9558.02,7182.59"
"20,25,15507.0,15913.13"
"20,26,13804.9,14858.5"
"20,27,2794.01,2518.46"
"20,28,1493.63,1378.47"
"20,29,7034.57,7592.34"
"20,30,4767.98,3956.1"
"20,31,2861.83,3024.03"
"20,32,10498.09,11415.56"
"20,33,9676.34,7714.09"
"20,34,20153.13,18517.41"
"20,35,5331.93,4210.71"
"20,36,2004.44,2108.12"
"20,37,4735.38,4102.04"
"20,38,108597.09,107033.57"
"20,40,87201.43,84053.39"
"20,41,6934.46,6775.73"
"20,42,9964.13,9199.7"
"20,44,10273.49,9911.65"
"20,45,20.94,11.97"
"20,46,29213.23,29183.91"
"20,47,38.0,-38.0"
"20,48,2437.0,4565.0"
"20,49,18650.94,24055.35"
"20,50,2486.5,2470.0"
"20,51,29.96,1.5"
"20,52,2562.04,3114.17"
"20,54,9.76,53.92"
"20,55,18965.73,12957.92"
"20,56,590.64,1420.96"
"20,58,6195.0,3345.0"
"20,59,526.01,546.6"
"20,60,531.0,630.0"
"20,67,16394.56,15746.33"
"20,71,6407.73,6957.65"
"20,72,86319.25,63571.41"
"20,74,18137.52,18989.52"
"20,77,-175.0,14.96"
"20,78,5.0,12.0"
"20,79,34659.33,34338.17"
"20,80,38326.84,41014.33"
"20,81,34302.02,36282.14"
"20,82,32798.62,31093.65"
"20,83,3863.3,4518.34"
"20,85,4807.21,5027.31"
"20,87,45057.81,37434.48"
"20,90,93460.57,96616.19"
"20,91,68510.86,75944.63"
"20,92,160785.98,171537.94"
"20,93,45077.0,50788.74"
"20,94,59836.84,60938.34"
"20,95,141644.44,146373.83"
"20,96,1.01,18.89"
"20,97,22627.7,24422.23"
"20,98,22042.55,20785.29"
"20,99,200.0,660.0"
"21,1,17417.37,15205.24"
"21,2,45086.05,44227.36"
"21,3,8472.29,8525.71"
"21,4,16549.33,17290.67"
"21,5,14560.82,13273.83"
"21,6,1721.05,1416.67"
"21,7,18901.07,16944.55"
"21,8,16066.44,15657.96"
"21,9,14822.42,14117.85"
"21,10,12538.6,12681.79"
"21,11,10170.58,9922.51"
"21,12,2475.61,3053.24"
"21,13,25437.03,25607.09"
"21,14,12839.17,12099.77"
"21,16,1354.08,1759.58"
"21,17,5775.76,6255.49"
"21,18,12669.05,7866.82"
"21,19,2068.97,1679.89"
"21,20,4428.92,3996.57"
"21,21,2993.57,2980.78"
"21,22,7964.78,6219.47"
"21,23,33724.7,31124.66"
"21,24,9739.17,7972.72"
"21,25,16775.68,15499.06"
"21,26,11819.2,10090.23"
"21,27,2574.93,1548.24"
"21,28,735.86,767.52"
"21,29,5058.1,4338.44"
"21,30,4318.48,4410.1"
"21,31,3668.43,2962.19"
"21,32,4805.04,5788.2"
"21,33,9098.5,7082.48"
"21,34,18124.24,16574.27"
"21,35,2191.29,1738.27"
"21,36,1376.48,1116.4"
"21,38,29891.62,25664.42"
"21,40,38642.59,36783.1"
"21,41,3607.14,1712.1"
"21,42,5704.4,5850.57"
"21,44,5534.94,4417.76"
"21,45,19.96,1.0"
"21,46,16432.01,16343.24"
"21,47,42.0,-42.0"
"21,48,-14.97,14.97"
"21,49,11692.02,9685.25"
"21,50,10.0,0.0"
"21,51,1.0,0.5"
"21,52,2975.42,2244.85"
"21,54,4.88,30.92"
"21,55,5374.32,5970.53"
"21,56,398.79,1376.16"
"21,58,640.0,1255.0"
"21,59,192.5,197.13"
"21,60,135.0,324.0"
"21,67,5009.14,4898.37"
"21,71,3878.9,4131.04"
"21,72,28988.28,32467.23"
"21,74,9257.78,8684.75"
"21,77,175.0,477.0"
"21,78,12.0,12.0"
"21,79,18356.24,18342.93"
"21,80,10.97,81.97"
"21,81,6087.83,5835.58"
"21,82,14190.06,13979.29"
"21,83,132.38,121.56"
"21,85,789.78,1049.81"
"21,87,5649.49,7874.92"
"21,90,11201.39,10680.3"
"21,91,6273.45,6447.13"
"21,92,24871.26,24301.85"
"21,93,499.9,494.54"
"21,94,523.25,91.7"
"21,95,36753.31,35198.98"
"21,96,2.0,0.0"
"21,97,3157.53,3026.76"
"21,98,28.12,34.82"
"21,99,29.88,29.88"
"22,1,38973.0,27092.03"
"22,2,51685.86,49749.94"
"22,3,7737.38,7539.29"
"22,4,37655.25,31939.03"
"22,5,22700.1,27806.48"
"22,6,2946.16,2914.42"
"22,7,24205.43,23473.18"
"22,8,42911.56,40878.31"
"22,9,26417.14,20887.23"
"22,10,20541.58,18530.92"
"22,11,11678.8,10891.92"
"22,12,3306.16,3897.24"
"22,13,40691.78,37511.01"
"22,14,16601.85,15870.12"
"22,16,4210.0,4163.92"
"22,17,15295.02,13438.54"
"22,18,27441.04,14365.46"
"22,19,2031.74,1132.8"
"22,20,4928.61,5162.89"
"22,21,5907.63,5162.16"
"22,22,10741.48,12145.92"
"22,23,30307.26,31008.08"
"22,24,8343.45,9872.98"
"22,25,10918.5,10655.6"
"22,26,9881.33,11383.09"
"22,27,2616.5,2867.05"
"22,28,1396.64,1245.75"
"22,29,7662.57,8378.2"
"22,30,3616.92,3479.88"
"22,31,3211.24,3336.75"
"22,32,5051.14,3976.19"
"22,33,8032.91,8354.74"
"22,34,22569.23,21419.22"
"22,35,4945.25,5711.68"
"22,36,2177.56,2305.14"
"22,38,75239.03,65305.99"
"22,40,59152.96,55669.18"
"22,41,775.94,444.0"
"22,42,8581.38,6728.44"
"22,44,8169.98,6665.41"
"22,45,23.94,23.94"
"22,46,21552.42,19498.19"
"22,47,-78.0,78.0"
"22,48,-42.05,14.97"
"22,49,20.94,23.91"
"22,51,9.96,9.96"
"22,52,2462.16,2204.2"
"22,54,70.84,45.52"
"22,55,9158.8,5781.72"
"22,56,645.05,1491.01"
"22,58,5680.0,925.0"
"22,59,343.56,289.44"
"22,60,567.0,369.0"
"22,67,12381.77,11175.19"
"22,71,3709.35,4078.76"
"22,72,65284.84,56591.38"
"22,74,15270.62,15042.64"
"22,77,198.0,198.0"
"22,78,12.0,12.0"
"22,79,17199.82,14506.72"
"22,80,1790.93,1681.4"
"22,81,13885.79,11314.66"
"22,82,28147.58,19134.07"
"22,83,1530.5,1384.26"
"22,85,2543.68,2438.15"
"22,87,14326.18,15994.9"
"22,90,25682.16,23450.3"
"22,91,21763.4,21592.96"
"22,92,65678.39,54441.35"
"22,93,2885.6,2482.96"
"22,94,3.88,23.28"
"22,95,65248.72,53684.07"
"22,96,6.5,6.0"
"22,97,5095.64,4656.24"
"22,98,229.21,390.4"
"22,99,27.15,0.0"
"23,1,57391.58,46203.34"
"23,2,66410.81,69170.0"
"23,3,12668.32,12836.48"
"23,4,28017.74,27475.36"
"23,5,35125.5,31088.58"
"23,6,4356.02,4015.18"
"23,7,33096.71,33593.2"
"23,8,40244.15,40995.3"
"23,9,41643.31,43075.85"
"23,10,27794.8,29590.68"
"23,11,25080.96,25569.87"
"23,12,5510.37,5036.52"
"23,13,36661.84,37233.08"
"23,14,30866.79,32298.46"
"23,16,4971.83,6048.56"
"23,17,25373.35,28397.17"
"23,18,27008.5,21461.82"
"23,19,1436.75,1124.91"
"23,20,9436.83,10293.47"
"23,21,8899.7,8652.2"
"23,22,19183.85,24174.9"
"23,23,51203.34,52318.1"
"23,24,11300.4,11909.38"
"23,25,15000.54,16445.37"
"23,26,13614.19,18453.0"
"23,27,4823.64,6152.41"
"23,28,2434.03,2169.05"
"23,29,11872.74,10114.62"
"23,30,6530.32,5361.58"
"23,31,4624.13,5629.44"
"23,32,8134.15,10029.1"
"23,33,10462.62,12005.5"
"23,34,24845.08,23672.5"
"23,35,4447.63,4620.91"
"23,36,2407.25,3572.2"
"23,38,46706.24,42139.4"
"23,40,62950.8,63991.46"
"23,41,2091.03,1973.25"
"23,42,12043.19,12911.64"
"23,44,8549.65,7873.36"
"23,45,10.47,10.47"
"23,46,32815.19,32946.28"
"23,47,279.0,-1.5"
"23,48,-44.91,197.0"
"23,49,30540.38,29619.68"
"23,50,7723.0,7930.0"
"23,51,29.96,89.88"
"23,52,2859.55,2465.29"
"23,54,32.76,10.0"
"23,55,12614.78,11305.64"
"23,56,1489.17,1804.82"
"23,58,5145.0,5650.0"
"23,59,354.37,547.34"
"23,60,126.0,108.0"
"23,67,13241.28,13933.6"
"23,71,9824.98,9832.46"
"23,72,51421.23,58041.44"
"23,74,35005.78,36106.31"
"23,77,198.0,408.0"
"23,78,12.88,-12.88"
"23,79,26685.99,29069.44"
"23,80,1564.84,1560.9"
"23,81,9131.38,9479.67"
"23,82,25884.17,24796.7"
"23,83,1062.54,1427.68"
"23,85,3935.06,4733.6"
"23,87,32810.03,33843.25"
"23,90,25010.53,24913.92"
"23,91,22229.8,22555.31"
"23,92,73499.33,73797.27"
"23,93,1882.72,2008.34"
"23,94,1039.84,23.28"
"23,95,53512.83,52480.28"
"23,96,14767.63,14050.69"
"23,97,6900.44,7208.3"
"23,98,163.15,212.52"
"23,99,29.88,0.0"
"24,1,26287.58,20259.99"
"24,2,38496.62,38178.18"
"24,3,7733.14,7877.41"
"24,4,28764.29,27506.27"
"24,5,22751.75,23337.35"
"24,6,3061.18,3009.26"
"24,7,21461.95,21570.92"
"24,8,55881.32,51912.1"
"24,9,22928.77,23541.87"
"24,10,27789.9,28665.78"
"24,11,15894.59,14464.67"
"24,12,4192.44,4240.34"
"24,13,29614.58,28550.26"
"24,14,14148.38,15470.12"
"24,16,5755.04,5698.83"
"24,17,14335.27,13824.58"
"24,18,18214.95,11289.52"
"24,19,80.21,143.7"
"24,20,3892.23,4292.29"
"24,21,4830.34,4868.36"
"24,22,9159.0,9891.63"
"24,23,24398.95,26361.65"
"24,24,4549.13,5440.69"
"24,25,11557.37,10277.01"
"24,26,7654.17,8036.57"
"24,27,2345.21,2073.33"
"24,28,995.92,818.69"
"24,29,4984.47,5563.45"
"24,30,3863.05,3219.6"
"24,31,2301.26,1986.52"
"24,32,4831.1,5824.41"
"24,33,5637.1,4907.95"
"24,34,14724.14,15149.28"
"24,35,2205.6,2842.79"
"24,36,942.39,1070.11"
"24,37,3176.78,3241.82"
"24,38,57995.38,51052.4"
"24,40,45908.36,45445.66"
"24,41,1294.54,1003.62"
"24,42,6625.63,5732.41"
"24,44,5604.61,5352.16"
"24,45,11.97,11.97"
"24,46,14308.81,13172.89"
"24,47,-109.0,-57.86"
"24,49,4844.99,5424.93"
"24,50,595.0,1151.0"
"24,51,1.5,1.5"
"24,52,1374.53,1127.58"
"24,54,12.88,15.88"
"24,55,11487.57,8451.52"
"24,56,461.03,690.48"
"24,58,2735.0,2485.0"
"24,59,217.63,193.37"
"24,60,90.0,81.0"
"24,67,9978.99,9818.71"
"24,71,3832.19,4265.2"
"24,72,47111.51,50482.07"
"24,74,14334.32,13349.07"
"24,77,125.0,198.0"
"24,78,1.0,1.0"
"24,79,20413.54,22136.44"
"24,80,28520.29,28471.35"
"24,81,25379.61,23715.41"
"24,82,24047.83,18097.24"
"24,83,3606.65,3481.28"
"24,85,1566.93,1741.31"
"24,87,25692.58,24136.43"
"24,90,78170.17,75301.99"
"24,91,49890.67,49822.12"
"24,92,134136.75,126124.97"
"24,93,37830.97,37762.01"
"24,94,47756.14,46564.79"
"24,95,90839.46,84716.46"
"24,96,11920.07,10964.19"
"24,97,18062.9,17334.57"
"24,98,11107.47,10345.03"
"24,99,100.0,580.0"
"25,1,35637.21,26495.12"
"25,2,34201.23,37016.24"
"25,3,7727.57,7117.4"
"25,4,20031.95,19782.28"
"25,5,10425.7,12729.23"
"25,6,2819.75,2013.03"
"25,7,13370.66,14983.16"
"25,8,32508.41,32011.53"
"25,9,11117.87,12181.03"
"25,10,25195.37,20577.85"
"25,11,9121.5,8967.63"
"25,12,3140.9,2924.02"
"25,13,24581.56,25498.88"
"25,14,7891.3,9280.08"
"25,16,4215.16,4177.4"
"25,17,11676.0,10850.65"
"25,18,12514.17,10588.6"
"25,19,1.5,1.5"
"25,20,2926.94,2186.16"
"25,21,4520.55,4454.99"
"25,22,4879.69,5762.04"
"25,23,16779.65,17179.8"
"25,24,3059.35,3271.55"
"25,25,6538.7,7467.68"
"25,26,4181.85,4174.1"
"25,27,1350.67,1469.8"
"25,28,1230.11,767.21"
"25,29,4051.68,2799.32"
"25,30,2325.52,1519.68"
"25,31,1382.47,1228.9"
"25,32,3228.58,3232.66"
"25,33,2758.19,3037.31"
"25,34,9987.7,9560.84"
"25,35,1585.7,2010.22"
"25,36,675.78,991.47"
"25,37,3550.39,3220.26"
"25,38,37972.24,42609.35"
"25,40,42616.74,41693.07"
"25,41,4278.74,3127.03"
"25,42,5179.22,6305.93"
"25,44,5456.08,4172.05"
"25,45,47.88,35.91"
"25,46,17684.37,16764.73"
"25,47,148.0,12.0"
"25,48,-99.87,1.5"
"25,49,11189.63,12486.02"
"25,50,2317.0,1810.0"
"25,51,7.0,6.5"
"25,52,1494.53,1283.55"
"25,54,4.88,38.92"
"25,55,4567.47,3575.26"
"25,56,1078.63,1703.48"
"25,58,535.0,275.0"
"25,59,220.51,125.48"
"25,60,234.0,144.0"
"25,67,9053.76,8167.81"
"25,71,3356.45,2718.08"
"25,72,28271.73,30616.37"
"25,74,9984.12,11393.03"
"25,77,318.0,636.0"
"25,78,3.0,3.0"
"25,79,7600.15,9579.69"
"25,80,548.41,499.6"
"25,81,9679.36,9987.65"
"25,82,11610.9,11042.55"
"25,83,206.16,200.84"
"25,85,3549.28,2451.15"
"25,87,6477.27,6856.4"
"25,90,13810.77,13828.69"
"25,91,8770.7,8353.15"
"25,92,44974.22,45406.55"
"25,93,848.14,728.28"
"25,94,4793.88,5817.69"
"25,95,45344.8,46216.71"
"25,96,-1.27,0.0"
"25,97,3001.31,2989.92"
"25,98,1045.54,1074.62"
"26,1,23949.13,20256.62"
"26,2,26726.13,25942.41"
"26,3,5584.94,6488.26"
"26,4,24704.77,23878.36"
"26,5,16452.91,14898.28"
"26,6,2596.09,2848.42"
"26,7,12859.0,14619.52"
"26,8,29359.34,27580.59"
"26,9,17203.65,14580.83"
"26,10,8421.15,9662.26"
"26,11,12248.0,15335.79"
"26,12,3722.16,3646.19"
"26,13,21404.9,20879.98"
"26,14,9983.27,11253.81"
"26,16,3929.43,5206.59"
"26,17,8358.99,8297.76"
"26,18,8100.77,6209.48"
"26,19,1597.03,1552.42"
"26,20,2702.27,2709.32"
"26,21,5651.55,5165.81"
"26,22,5897.86,7013.49"
"26,23,14525.28,14165.29"
"26,24,2707.95,2211.58"
"26,25,5442.85,6272.36"
"26,26,3817.41,3846.43"
"26,27,1594.85,1579.59"
"26,28,708.67,566.39"
"26,29,3821.2,3920.77"
"26,30,2287.9,2402.52"
"26,31,1335.68,1437.66"
"26,32,3695.64,2884.04"
"26,33,3145.38,2826.03"
"26,34,7763.88,7875.33"
"26,35,1754.69,2151.12"
"26,36,880.43,894.13"
"26,38,86813.55,110440.94"
"26,40,36454.82,36699.87"
"26,41,497.03,349.47"
"26,42,2918.55,3743.21"
"26,44,5347.21,3965.58"
"26,45,53.91,47.88"
"26,46,9999.77,8606.94"
"26,47,35.92,78.0"
"26,48,496.0,775.0"
"26,49,3230.7,5397.91"
"26,50,-79.0,777.0"
"26,51,-1.36,4.36"
"26,52,1863.11,1678.88"
"26,54,42.8,30.92"
"26,55,6935.85,5684.11"
"26,56,906.11,821.65"
"26,59,130.12,136.2"
"26,60,144.0,162.0"
"26,67,6076.42,5637.88"
"26,71,2281.08,2071.21"
"26,72,44430.12,33020.92"
"26,74,8643.21,9257.58"
"26,77,198.0,198.0"
"26,78,12.0,8.87"
"26,79,9013.11,11804.63"
"26,80,18753.31,18459.44"
"26,81,18578.18,18900.12"
"26,82,16438.21,14388.78"
"26,83,2043.14,2379.16"
"26,85,1664.35,1678.7"
"26,87,25372.67,23636.48"
"26,90,56582.33,58555.78"
"26,91,35367.67,38903.1"
"26,92,85968.84,89664.58"
"26,93,23714.72,25621.53"
"26,94,38364.02,37924.29"
"26,95,66967.51,66621.34"
"26,96,16828.71,15915.29"
"26,97,13246.7,13493.62"
"26,98,7577.61,8079.6"
"26,99,70.0,390.0"
"27,1,52612.95,38209.59"
"27,2,76929.73,76631.7"
"27,3,12431.35,12759.35"
"27,4,43600.31,38917.3"
"27,5,25572.59,26121.06"
"27,6,5339.65,3902.69"
"27,7,33897.78,28530.84"
"27,8,47216.92,43084.81"
"27,9,28038.06,24035.57"
"27,10,33511.6,33258.19"
"27,11,16125.75,17860.17"
"27,12,3602.38,3407.27"
"27,13,53524.43,51962.34"
"27,14,25627.42,23950.37"
"27,16,5413.89,5071.31"
"27,17,20325.55,17650.91"
"27,18,25771.23,20775.91"
"27,19,1985.16,1764.43"
"27,20,9968.84,9067.89"
"27,21,5320.02,4835.22"
"27,22,17449.06,16118.25"
"27,23,36183.8,41370.49"
"27,24,11944.2,11139.79"
"27,25,13348.51,12443.0"
"27,26,13540.63,16822.89"
"27,27,2580.02,2678.91"
"27,28,1475.8,1200.3"
"27,29,8245.66,7995.55"
"27,30,3815.98,3929.48"
"27,31,2702.52,3124.19"
"27,32,6806.78,5669.04"
"27,33,10910.01,10961.55"
"27,34,17854.65,15882.91"
"27,35,3822.65,3810.33"
"27,36,3490.54,3105.75"
"27,37,2234.67,2424.98"
"27,38,32357.95,36755.67"
"27,39,1.98,0.0"
"27,40,69795.8,69874.26"
"27,41,2345.37,2256.8"
"27,42,10184.01,10007.09"
"27,44,5126.27,5136.55"
"27,45,11.97,11.97"
"27,46,37986.41,36980.92"
"27,47,-39.5,0.0"
"27,49,10740.42,15499.67"
"27,50,2540.5,3411.0"
"27,51,-2.36,3.0"
"27,52,2694.89,2706.73"
"27,54,66.84,31.92"
"27,55,14935.98,8931.4"
"27,56,597.13,705.53"
"27,58,585.0,2615.0"
"27,59,392.79,283.55"
"27,60,117.0,72.0"
"27,67,10633.7,9510.9"
"27,71,9505.18,9798.5"
"27,72,46623.71,57389.68"
"27,74,23144.44,23710.43"
"27,77,175.0,175.0"
"27,78,7.0,-7.0"
"27,79,34962.06,36277.16"
"27,80,24943.85,23345.91"
"27,81,28777.23,25981.89"
"27,82,32167.24,24167.72"
"27,83,6994.34,6632.05"
"27,85,2974.29,3710.99"
"27,87,16192.9,16465.63"
"27,90,97305.99,90573.3"
"27,91,61129.74,58720.37"
"27,92,156059.63,141544.19"
"27,93,51656.24,49980.13"
"27,94,63096.92,60461.14"
"27,95,113812.81,101088.31"
"27,96,17548.61,16119.97"
"27,97,18608.71,18198.48"
"27,98,13222.7,10955.07"
"27,99,80.0,435.0"
"28,1,23731.03,22512.43"
"28,2,50532.41,48620.52"
"28,3,8104.09,8021.55"
"28,4,26239.54,24686.46"
"28,5,22406.18,22017.15"
"28,6,2768.09,2214.41"
"28,7,30576.3,24579.37"
"28,8,32453.2,31765.79"
"28,9,15969.29,13143.49"
"28,10,21961.92,19109.08"
"28,11,10369.2,10764.55"
"28,12,3167.25,3172.4"
"28,13,35417.45,35295.59"
"28,14,13636.68,13018.4"
"28,16,2920.97,2869.3"
"28,17,8438.35,8290.65"
"28,18,21095.83,15036.82"
"28,19,1264.66,1146.86"
"28,20,3673.6,4296.84"
"28,21,4083.05,3822.72"
"28,22,8641.45,8662.34"
"28,23,28722.94,26532.23"
"28,24,7599.19,6880.49"
"28,25,14772.63,14516.94"
"28,26,11780.5,10542.69"
"28,27,1938.99,1915.49"
"28,28,541.62,575.73"
"28,29,4333.59,3752.99"
"28,30,2205.18,2775.17"
"28,31,1900.03,1401.06"
"28,32,6088.59,6522.48"
"28,33,8846.1,9033.43"
"28,34,15406.14,13673.31"
"28,35,1886.59,2093.36"
"28,36,1330.7,659.94"
"28,37,1849.92,1664.97"
"28,38,56649.43,46263.19"
"28,40,44681.51,42350.48"
"28,41,1359.3,1622.37"
"28,42,7046.05,6217.51"
"28,43,0.5,1.0"
"28,44,5433.67,4948.67"
"28,45,11.97,59.85"
"28,46,18249.34,17242.74"
"28,47,21.0,34.0"
"28,49,12339.18,11831.57"
"28,51,-10.56,4.56"
"28,52,1899.88,2018.69"
"28,54,28.8,5.12"
"28,55,6820.54,5824.15"
"28,56,92.92,241.49"
"28,58,7585.0,1735.0"
"28,59,127.8,134.71"
"28,60,450.0,513.0"
"28,67,5361.64,5121.29"
"28,71,4962.61,3881.74"
"28,72,42532.22,45519.71"
"28,74,9552.8,10303.22"
"28,77,594.0,477.0"
"28,78,5.0,12.88"
"28,79,39065.13,36604.2"
"28,80,17707.94,17166.32"
"28,81,20497.92,19479.33"
"28,82,17771.19,17844.72"
"28,83,4577.44,5076.12"
"28,85,1141.93,1094.15"
"28,87,15255.36,11944.14"
"28,90,60974.68,59617.62"
"28,91,46311.17,46107.75"
"28,92,87256.69,85902.34"
"28,93,38865.25,39056.01"
"28,94,35638.2,34878.39"
"28,95,82940.07,80720.84"
"28,96,34107.66,28320.29"
"28,97,20298.12,19999.38"
"28,98,9625.92,8556.35"
"28,99,80.0,400.0"
"29,1,22637.67,17654.74"
"29,2,26070.1,25132.78"
"29,3,6541.84,6348.15"
"29,4,16512.89,15520.36"
"29,5,10328.06,17657.2"
"29,6,1062.59,1356.7"
"29,7,11260.3,13066.83"
"29,8,23498.69,21663.79"
"29,9,12002.24,9223.17"
"29,10,9292.04,8107.55"
"29,11,6392.46,8100.23"
"29,12,2083.55,1814.37"
"29,13,19051.93,18340.17"
"29,14,9291.2,6620.07"
"29,16,2143.74,2165.49"
"29,17,9197.5,8650.45"
"29,18,5024.88,3747.05"
"29,19,3.0,15.0"
"29,20,3255.52,3230.01"
"29,21,3992.13,3068.52"
"29,22,4565.55,5144.71"
"29,23,18203.08,22957.76"
"29,24,4350.97,5589.94"
"29,25,7406.58,7732.81"
"29,26,4028.87,5608.29"
"29,27,1829.64,1849.43"
"29,28,977.54,987.7"
"29,29,5606.54,5542.16"
"29,30,2593.19,2133.54"
"29,31,1472.98,2102.37"
"29,32,3019.17,2948.83"
"29,33,4292.09,5123.86"
"29,34,11550.4,11263.43"
"29,35,2122.16,2453.21"
"29,36,1261.62,1601.57"
"29,38,40069.89,44263.4"
"29,40,30458.8,29708.54"
"29,41,254.0,530.0"
"29,42,4142.21,3803.95"
"29,43,0.5,0.5"
"29,44,2096.09,1454.97"
"29,45,28.84,28.84"
"29,46,12104.74,10791.36"
"29,47,-33.0,-15.0"
"29,48,14.97,14.97"
"29,49,4.96,-184.32"
"29,51,2.0,9.96"
"29,52,904.44,570.57"
"29,54,5.88,-40.0"
"29,55,3816.63,2456.27"
"29,56,704.55,867.84"
"29,58,340.0,355.0"
"29,59,93.66,141.36"
"29,60,387.0,180.0"
"29,67,6091.76,5333.85"
"29,71,1764.98,1784.76"
"29,72,26375.3,21859.52"
"29,74,7727.01,8000.12"
"29,77,183.0,159.0"
"29,78,12.0,1.0"
"29,79,8196.17,7631.94"
"29,80,-178.15,24.8"
"29,81,6083.32,5380.41"
"29,82,14796.89,8350.3"
"29,83,755.94,713.96"
"29,85,1261.94,1060.63"
"29,87,8604.29,8850.72"
"29,90,12445.77,11704.06"
"29,91,4470.02,4430.38"
"29,92,31432.83,28898.9"
"29,93,1350.64,1397.68"
"29,94,5.88,1.0"
"29,95,33247.02,29909.96"
"29,96,24.0,3.0"
"29,97,2248.38,2078.96"
"29,98,335.97,206.79"
"29,99,29.88,0.0"
"30,1,12863.85,10673.62"
"30,2,12919.04,12455.54"
"30,3,628.68,708.15"
"30,4,12908.33,13380.77"
"30,5,464.32,323.48"
"30,6,7.94,25.76"
"30,7,226.63,154.06"
"30,8,12860.53,12139.78"
"30,9,5.34,2.67"
"30,10,195.99,252.41"
"30,11,821.41,678.0"
"30,12,112.95,87.4"
"30,13,10646.97,11071.5"
"30,14,703.87,750.07"
"30,16,1400.31,1410.51"
"30,17,1.5,2.34"
"30,18,747.67,520.54"
"30,19,2.38,0.0"
"30,20,36.0,44.0"
"30,21,977.54,1084.67"
"30,22,14.32,64.44"
"30,23,25.44,8.48"
"30,24,14.56,8.94"
"30,25,40.0,19.94"
"30,26,12.87,4.0"
"30,27,7.5,4.47"
"30,28,44.19,80.86"
"30,29,10.96,10.96"
"30,31,26.5,50.38"
"30,32,46.88,64.52"
"30,33,2.5,12.0"
"30,34,3.5,5.6"
"30,38,58445.43,57854.78"
"30,40,23521.23,23286.95"
"30,41,5.0,1.5"
"30,42,110.18,80.5"
"30,44,2.97,2.97"
"30,46,5256.16,5443.95"
"30,49,-5.97,2.0"
"30,52,2.94,4.41"
"30,55,11.88,23.76"
"30,56,16.84,78.94"
"30,59,17.0,17.11"
"30,60,531.0,468.0"
"30,67,1265.64,1187.86"
"30,72,25.88,101.6"
"30,74,4.0,99.62"
"30,79,5868.19,5702.62"
"30,80,6441.39,6596.47"
"30,81,10423.29,10810.01"
"30,82,3780.05,3923.19"
"30,83,1194.45,1187.62"
"30,85,99.78,10.45"
"30,87,215.32,284.56"
"30,90,37110.15,36822.26"
"30,91,30092.5,31475.78"
"30,92,56424.87,56712.16"
"30,93,23674.79,23725.94"
"30,94,25389.19,25282.2"
"30,95,44954.61,44553.35"
"30,96,19227.7,18530.77"
"30,97,12765.38,13092.35"
"30,98,3881.6,4225.21"
"30,99,0.02,0.02"
"31,1,22652.14,19079.81"
"31,2,58208.08,59715.89"
"31,3,7066.53,7150.05"
"31,4,33445.26,34796.74"
"31,5,16614.57,19512.7"
"31,6,1755.65,924.91"
"31,7,18942.1,19414.43"
"31,8,25442.7,25441.34"
"31,9,8574.93,9474.0"
"31,10,16275.47,16458.87"
"31,11,10107.07,9740.55"
"31,12,3024.97,2497.21"
"31,13,43482.72,44206.55"
"31,14,14431.39,16053.75"
"31,16,3019.24,3200.59"
"31,17,7661.51,8544.66"
"31,18,11766.47,7563.22"
"31,19,19.73,28.14"
"31,20,5663.45,5639.27"
"31,21,3672.37,3772.88"
"31,22,6784.87,8161.01"
"31,23,21771.37,17425.52"
"31,24,5016.15,4193.99"
"31,25,9677.62,8947.99"
"31,26,8074.3,8029.73"
"31,27,1411.46,1157.12"
"31,28,803.29,614.4"
"31,29,4674.11,3826.36"
"31,30,2621.7,3053.87"
"31,31,2522.04,2328.66"
"31,32,3673.4,5701.4"
"31,33,4996.8,4284.1"
"31,34,12975.36,12569.97"
"31,35,1639.6,1433.38"
"31,36,742.04,558.62"
"31,37,2208.17,2027.33"
"31,38,83599.59,72369.66"
"31,40,58784.04,58988.14"
"31,41,2194.39,1999.77"
"31,42,5903.68,5930.21"
"31,44,2511.43,2765.48"
"31,45,10.47,11.94"
"31,46,23221.21,23091.93"
"31,47,-224.0,7.5"
"31,49,9075.7,9148.91"
"31,51,1.0,4.97"
"31,52,750.54,708.19"
"31,54,69.84,69.84"
"31,55,5562.76,5808.57"
"31,56,903.39,1661.71"
"31,58,4390.0,2740.0"
"31,59,137.84,187.14"
"31,60,369.0,252.0"
"31,67,5452.91,5851.26"
"31,71,3248.08,4526.81"
"31,72,43471.72,45062.29"
"31,74,12713.52,12165.16"
"31,77,9.94,9.94"
"31,78,7.0,-12.88"
"31,79,30681.1,33714.93"
"31,80,17860.81,19088.55"
"31,81,22832.36,24788.31"
"31,82,22068.99,19165.71"
"31,83,7718.8,8895.68"
"31,85,1142.64,1465.13"
"31,87,13224.92,8477.91"
"31,90,84924.7,91133.11"
"31,91,62784.8,70287.16"
"31,92,124776.52,141980.02"
"31,93,58160.69,65099.28"
"31,94,66154.79,68069.34"
"31,95,97478.08,104460.17"
"31,96,28213.66,28863.28"
"31,97,27702.32,31112.92"
"31,98,10729.1,11272.87"
"31,99,20.0,190.0"
"32,1,40245.23,30845.99"
"32,2,53135.12,54256.83"
"32,3,11839.77,11963.16"
"32,4,28346.49,28555.95"
"32,5,20783.62,22927.02"
"32,6,2803.06,4345.96"
"32,7,19144.84,19357.14"
"32,8,24995.5,25393.73"
"32,9,20180.94,22375.04"
"32,10,35044.14,25148.0"
"32,11,16900.85,13860.85"
"32,12,3195.0,3390.27"
"32,13,30561.07,30601.96"
"32,14,15168.71,15102.05"
"32,16,3895.62,3566.12"
"32,17,11031.9,14202.43"
"32,18,15979.84,13042.36"
"32,19,2325.68,1930.0"
"32,20,3663.8,4569.89"
"32,21,4610.3,4321.5"
"32,22,8776.94,10556.26"
"32,23,23670.93,19376.35"
"32,24,4739.54,5803.27"
"32,25,9554.08,7585.33"
"32,26,6823.5,7032.29"
"32,27,1609.99,2108.27"
"32,28,1152.92,1114.01"
"32,29,4165.3,3798.1"
"32,30,2400.56,1742.88"
"32,31,3492.14,3314.32"
"32,32,4325.79,4744.63"
"32,33,4066.76,5003.76"
"32,34,11576.35,12762.46"
"32,35,1813.76,1521.52"
"32,36,1959.04,2162.41"
"32,37,3464.39,3068.02"
"32,38,66073.32,70063.24"
"32,40,61745.56,61643.83"
"32,41,3867.61,4262.68"
"32,42,6480.29,7689.03"
"32,44,6225.76,5395.68"
"32,45,5.97,11.94"
"32,46,27296.18,25055.87"
"32,47,-18.0,18.0"
"32,48,28.0,8.0"
"32,49,6194.51,4986.78"
"32,51,1.0,1.0"
"32,52,2893.68,2638.69"
"32,54,83.76,11.76"
"32,55,7947.36,6559.91"
"32,56,1091.11,1522.52"
"32,58,1775.0,2200.0"
"32,59,291.28,197.21"
"32,60,648.0,828.0"
"32,67,8464.65,9038.3"
"32,71,6904.09,5269.02"
"32,72,44371.44,40194.4"
"32,74,14064.37,16351.43"
"32,77,100.0,795.0"
"32,78,8.0,5.0"
"32,79,13961.73,14252.77"
"32,80,18107.09,18701.85"
"32,81,15691.63,16098.45"
"32,82,17825.67,17120.44"
"32,83,3497.29,3360.08"
"32,85,1868.42,1665.91"
"32,87,8705.97,9540.68"
"32,90,65223.73,64380.91"
"32,91,46239.79,48086.28"
"32,92,110741.63,107917.37"
"32,93,31877.0,31661.26"
"32,94,52074.67,51906.2"
"32,95,82670.31,81412.91"
"32,96,2424.13,2326.97"
"32,97,16184.29,16714.18"
"32,98,9012.5,8781.35"
"32,99,12.0,60.0"
"33,1,3210.15,3292.57"
"33,2,8218.23,8074.68"
"33,3,213.02,156.87"
"33,4,6218.49,6548.79"
"33,5,90.0,50.0"
"33,6,12.75,7.34"
"33,7,252.72,252.96"
"33,8,4712.1,4836.7"
"33,9,22.76,22.63"
"33,10,73.63,164.7"
"33,11,190.51,69.16"
"33,12,12.41,19.72"
"33,13,7172.26,7199.13"
"33,14,602.16,703.66"
"33,16,248.24,215.56"
"33,17,218.57,237.41"
"33,18,610.61,386.34"
"33,20,13.97,19.47"
"33,21,181.01,110.14"
"33,22,10.5,3.0"
"33,23,3.36,6.72"
"33,24,5.27,7.97"
"33,25,2.0,2.96"
"33,26,114.6,81.76"
"33,27,1.0,0.0"
"33,31,8.0,22.38"
"33,32,9.0,2.0"
"33,33,2.5,2.5"
"33,34,3.0,3.0"
"33,35,15.0,15.0"
"33,36,45.0,37.5"
"33,38,24841.05,20090.7"
"33,40,7962.87,6777.27"
"33,41,9.0,51.0"
"33,42,111.22,52.39"
"33,44,10.0,8.47"
"33,46,1730.72,1787.61"
"33,49,5.0,5.0"
"33,52,3.5,3.5"
"33,55,25.0,35.0"
"33,56,9.0,42.0"
"33,59,14.68,14.68"
"33,60,45.0,45.0"
"33,67,815.8,789.4"
"33,71,5.0,0.0"
"33,72,9.0,19.76"
"33,74,313.12,232.46"
"33,79,12536.24,12346.48"
"33,80,6101.03,5826.23"
"33,81,8605.28,8289.66"
"33,82,3209.13,4481.96"
"33,83,1440.23,1970.57"
"33,87,474.98,180.0"
"33,90,24327.91,25139.2"
"33,91,9275.64,10235.45"
"33,92,29769.62,31039.98"
"33,93,15982.31,16328.19"
"33,94,24224.13,25177.17"
"33,95,26681.23,27840.36"
"33,96,11491.88,11604.22"
"33,97,4879.55,5110.18"
"33,98,6497.75,6586.61"
"33,99,0.01,0.04"
"34,1,25051.36,23496.65"
"34,2,31785.25,32900.71"
"34,3,5715.89,6204.23"
"34,4,20716.55,20360.59"
"34,5,18541.14,15669.78"
"34,6,2484.78,4222.17"
"34,7,15372.42,14110.86"
"34,8,27484.98,27810.74"
"34,9,28344.58,17242.57"
"34,10,16652.1,14993.15"
"34,11,14501.59,11337.85"
"34,12,5127.58,5280.82"
"34,13,22592.17,22757.37"
"34,14,8930.71,9801.87"
"34,16,4841.81,6112.21"
"34,17,7035.13,6868.24"
"34,18,13001.02,8345.37"
"34,19,16.44,135.52"
"34,20,2124.6,2652.02"
"34,21,3912.19,3760.11"
"34,22,5282.29,6170.79"
"34,23,14123.03,11268.5"
"34,24,3515.74,2219.64"
"34,25,6035.94,4694.47"
"34,26,4737.55,4378.34"
"34,27,1090.09,664.74"
"34,28,297.91,311.18"
"34,29,2106.57,2061.35"
"34,30,1713.1,1419.52"
"34,31,1023.69,874.87"
"34,32,4236.17,3410.3"
"34,33,3946.93,2902.79"
"34,34,6244.65,6247.43"
"34,35,903.43,1512.88"
"34,36,619.79,603.7"
"34,37,2203.04,2322.46"
"34,38,40344.49,47421.16"
"34,40,39153.07,39378.34"
"34,41,537.46,493.91"
"34,42,4057.83,4741.37"
"34,44,4046.07,3824.96"
"34,45,10.47,11.97"
"34,46,14810.59,14968.39"
"34,47,-168.0,-168.0"
"34,48,5679.0,4074.0"
"34,49,3039.8,2388.77"
"34,51,1.98,1.98"
"34,52,1267.62,1475.17"
"34,54,14.88,59.88"
"34,55,8620.67,6442.13"
"34,56,469.95,699.99"
"34,58,960.0,1650.0"
"34,59,243.82,242.33"
"34,60,72.0,72.0"
"34,65,41457.76,46625.22"
"34,67,6700.94,7524.48"
"34,71,2435.5,2506.64"
"34,72,27439.9,39773.6"
"34,74,7031.77,6257.06"
"34,77,159.0,795.0"
"34,78,3.0,0.0"
"34,79,14284.24,15229.08"
"34,80,12171.4,12100.45"
"34,81,16549.14,16608.17"
"34,82,17253.23,17249.52"
"34,83,2478.48,3076.52"
"34,85,1277.38,1505.96"
"34,87,8077.01,8181.35"
"34,90,46830.95,48403.14"
"34,91,34330.26,37765.58"
"34,92,72991.31,75334.29"
"34,93,32093.5,33924.46"
"34,94,39055.63,39099.92"
"34,95,68644.81,70023.85"
"34,96,23704.32,22449.45"
"34,97,18521.65,19000.15"
"34,98,9005.61,9664.6"
"34,99,30.0,250.0"
"35,1,25693.46,19767.19"
"35,2,46016.07,45374.49"
"35,3,8319.5,7959.58"
"35,4,19932.02,16953.81"
"35,5,19590.53,19518.18"
"35,6,2002.85,3181.0"
"35,7,25195.73,22073.41"
"35,8,20084.18,19478.71"
"35,9,13630.92,9114.31"
"35,10,15071.72,15732.96"
"35,11,11101.9,13656.77"
"35,12,1950.78,2325.36"
"35,13,31487.59,32141.73"
"35,14,22116.65,24766.86"
"35,16,222.38,99.17"
"35,17,15590.18,14420.3"
"35,18,13855.4,10726.81"
"35,19,-15.44,-2.97"
"35,20,8193.81,9561.18"
"35,21,2755.56,2665.84"
"35,22,18699.67,18587.27"
"35,23,36645.68,42468.53"
"35,24,10363.85,12121.4"
"35,25,14510.04,15061.85"
"35,26,13486.77,16577.0"
"35,27,1891.06,2355.12"
"35,28,1208.87,1208.56"
"35,29,8356.5,7936.52"
"35,30,3619.99,4529.34"
"35,31,3621.67,4379.48"
"35,32,4598.33,5283.33"
"35,33,11750.73,10973.24"
"35,34,26943.79,22813.34"
"35,35,3109.18,3026.87"
"35,36,3494.23,3872.78"
"35,38,40767.08,31436.48"
"35,40,38386.21,36865.08"
"35,41,1370.25,1530.7"
"35,42,8200.44,8580.2"
"35,44,2271.14,1931.72"
"35,45,4.5,4.5"
"35,46,15956.49,14338.08"
"35,47,-289.0,129.0"
"35,49,10.0,2.0"
"35,51,1.16,4.28"
"35,52,1853.77,1242.97"
"35,54,15.0,64.0"
"35,55,7245.52,5888.85"
"35,56,140.22,223.12"
"35,58,2235.0,2210.0"
"35,59,29.14,19.98"
"35,60,90.0,54.0"
"35,67,5866.27,5149.8"
"35,71,9076.24,7740.95"
"35,72,78390.69,78760.85"
"35,74,18804.61,17218.5"
"35,77,-2.34,204.0"
"35,78,3.0,12.0"
"35,79,24084.72,24407.77"
"35,80,-16.51,10.85"
"35,81,6503.07,6360.87"
"35,82,14683.35,11430.08"
"35,83,1781.87,2101.16"
"35,85,1605.47,1442.15"
"35,87,15740.67,13250.38"
"35,90,14287.37,13057.0"
"35,91,6662.84,6842.15"
"35,92,38065.58,34137.73"
"35,93,1045.94,1325.7"
"35,94,11.64,113.7"
"35,95,41216.59,37343.0"
"35,96,5.86,7.44"
"35,97,3620.74,3418.9"
"35,98,24.6,67.8"
"36,1,2832.48,2334.36"
"36,2,11811.88,11743.97"
"36,3,344.46,321.73"
"36,4,8051.92,8231.17"
"36,5,280.46,297.5"
"36,6,9.88,12.88"
"36,7,271.16,246.22"
"36,8,3146.71,3046.08"
"36,9,26.04,107.96"
"36,10,351.86,335.28"
"36,11,198.67,265.44"
"36,12,39.87,47.31"
"36,13,10339.15,10496.29"
"36,14,1353.79,1247.11"
"36,16,564.5,479.45"
"36,17,209.55,253.43"
"36,18,557.69,329.22"
"36,20,32.0,12.5"
"36,21,131.2,154.06"
"36,22,63.52,131.01"
"36,23,-23.92,6.72"
"36,24,-8.97,2.0"
"36,25,2.96,8.98"
"36,26,182.35,93.11"
"36,29,4.0,0.0"
"36,31,15.0,98.5"
"36,32,4.0,3.75"
"36,33,-11.97,-4.5"
"36,34,-5.88,2.0"
"36,36,-30.0,0.0"
"36,38,18005.46,18848.57"
"36,40,10216.27,10373.71"
"36,41,5.0,8.0"
"36,42,149.64,88.72"
"36,44,2.28,-5.0"
"36,46,2060.09,2224.94"
"36,49,5.0,5.0"
"36,52,0.75,0.75"
"36,55,8.0,17.0"
"36,56,10.41,24.29"
"36,59,1.25,0.24"
"36,60,54.0,36.0"
"36,67,507.9,582.11"
"36,71,-29.0,0.0"
"36,72,-10.96,-16.88"
"36,74,454.73,455.05"
"36,79,11836.83,12092.96"
"36,80,14048.35,15881.91"
"36,81,9621.23,9959.35"
"36,82,4678.06,4559.5"
"36,83,1698.82,1919.74"
"36,85,6.48,112.36"
"36,87,120.0,259.96"
"36,90,24848.51,26744.31"
"36,91,7258.41,8812.3"
"36,92,29277.0,33343.33"
"36,93,13552.16,15085.24"
"36,94,27246.98,31026.34"
"36,95,30744.77,31158.02"
"36,96,15835.16,13992.08"
"36,97,4476.95,4809.62"
"36,98,5167.11,5033.06"
"36,99,0.02,0.0"
"37,1,16728.53,14990.15"
"37,2,17280.84,17426.73"
"37,3,1204.36,1587.2"
"37,4,17600.74,18744.61"
"37,5,842.79,808.08"
"37,6,18.76,4.94"
"37,7,686.92,571.99"
"37,8,17058.31,17685.03"
"37,9,119.85,115.75"
"37,10,405.76,433.66"
"37,11,1618.04,1928.96"
"37,12,240.25,269.22"
"37,13,16484.81,17799.29"
"37,14,1391.12,1518.08"
"37,16,1630.38,1617.82"
"37,17,534.43,485.95"
"37,18,966.16,797.65"
"37,20,48.0,32.0"
"37,21,1732.69,1915.19"
"37,22,87.34,107.19"
"37,23,10.88,28.79"
"37,24,5.97,5.97"
"37,25,57.08,30.76"
"37,26,3.5,2.94"
"37,27,41.02,32.05"
"37,28,64.89,98.05"
"37,31,81.5,321.6"
"37,32,39.0,10.0"
"37,33,6.47,1.5"
"37,38,62209.94,62762.01"
"37,40,27908.57,28775.73"
"37,41,5.0,5.0"
"37,42,190.69,166.12"
"37,44,1.0,1.85"
"37,46,9189.65,8779.11"
"37,49,10.94,5.0"
"37,52,31.27,13.69"
"37,55,11.88,-11.88"
"37,56,20.44,155.34"
"37,59,70.85,43.91"
"37,60,702.0,675.0"
"37,67,2759.83,3112.98"
"37,71,14.0,39.0"
"37,72,121.17,87.73"
"37,74,677.62,583.27"
"37,79,7431.55,7439.55"
"37,80,11444.05,12227.86"
"37,81,10760.12,10990.6"
"37,82,7199.1,6726.67"
"37,83,2098.16,2544.95"
"37,85,50.77,87.25"
"37,87,1333.02,1390.18"
"37,90,46478.88,47606.94"
"37,91,30877.66,33049.78"
"37,92,62498.77,65263.03"
"37,93,23058.73,25080.08"
"37,94,33659.27,34387.47"
"37,95,54142.93,56374.09"
"37,96,21465.02,22420.04"
"37,97,14987.27,15334.31"
"37,98,6452.47,6546.38"
"37,99,10.0,10.0"
"38,1,9241.43,8953.59"
"38,2,12395.34,12170.89"
"38,3,485.84,425.8"
"38,4,11307.39,11518.08"
"38,5,372.2,664.44"
"38,6,24.7,46.4"
"38,7,199.95,207.07"
"38,8,10913.6,11015.81"
"38,9,83.5,82.7"
"38,10,302.2,352.24"
"38,11,700.29,741.61"
"38,12,38.41,56.8"
"38,13,10775.99,11749.28"
"38,14,884.23,854.75"
"38,16,637.47,582.16"
"38,17,518.82,427.76"
"38,18,619.74,512.35"
"38,20,4.96,8.96"
"38,21,956.91,1079.47"
"38,22,14.32,71.6"
"38,23,53.12,17.91"
"38,24,5.97,5.97"
"38,25,44.3,53.86"
"38,26,6.0,3.0"
"38,27,11.54,14.74"
"38,28,82.09,39.24"
"38,29,11.82,3.94"
"38,31,13.5,21.5"
"38,32,65.88,57.88"
"38,33,6.0,6.0"
"38,34,5.96,11.94"
"38,35,7.0,0.0"
"38,38,66530.78,79090.67"
"38,40,18503.79,18087.55"
"38,42,92.86,140.95"
"38,44,9.47,2.97"
"38,46,4983.01,5335.16"
"38,49,5.94,16.88"
"38,52,11.65,8.35"
"38,55,9.96,26.84"
"38,56,14.74,20.64"
"38,59,83.69,21.96"
"38,60,459.0,207.0"
"38,67,846.38,752.12"
"38,72,349.25,153.53"
"38,74,245.75,276.53"
"38,79,9896.56,9050.84"
"38,80,10937.66,11374.07"
"38,81,10742.43,10263.45"
"38,82,6312.97,6374.51"
"38,83,1862.44,1888.83"
"38,85,36.42,28.68"
"38,87,611.76,1226.22"
"38,90,38095.02,36812.02"
"38,91,25067.57,25554.59"
"38,92,48608.39,50073.87"
"38,93,18739.49,18670.25"
"38,94,22348.91,21951.3"
"38,95,41940.71,42781.13"
"38,96,13494.37,11837.49"
"38,97,9865.01,9689.59"
"38,98,5884.56,5492.74"
"38,99,25.0,0.0"
"39,1,47633.95,36514.45"
"39,2,71474.75,71893.26"
"39,3,11457.46,12912.72"
"39,4,47179.95,48402.86"
"39,5,24117.99,26325.53"
"39,6,3628.82,2275.2"
"39,7,42034.35,37779.47"
"39,8,40634.31,38750.24"
"39,9,17179.96,17183.78"
"39,10,15850.01,15440.81"
"39,11,20710.56,20583.7"
"39,12,5434.23,5206.38"
"39,13,59603.9,59933.35"
"39,14,20728.25,18931.95"
"39,16,12297.05,11548.88"
"39,17,12049.51,11984.64"
"39,18,25595.0,24601.78"
"39,19,0.97,-14.38"
"39,20,8087.99,8109.26"
"39,21,6628.6,6697.46"
"39,22,13374.34,12887.53"
"39,23,20056.26,18505.64"
"39,24,10458.03,7997.59"
"39,25,8437.06,7889.14"
"39,26,11520.18,12525.16"
"39,27,1968.25,1651.71"
"39,28,1372.38,737.98"
"39,29,5196.27,5245.46"
"39,30,4272.62,2965.14"
"39,31,2460.98,2313.17"
"39,32,5181.1,5087.56"
"39,33,8494.43,8346.0"
"39,34,16204.3,15546.13"
"39,35,1404.21,1503.3"
"39,36,380.16,552.86"
"39,38,42768.81,56451.51"
"39,40,67754.17,69278.61"
"39,41,2926.31,3720.68"
"39,42,4113.23,3789.91"
"39,44,6213.29,6382.22"
"39,45,23.88,5.97"
"39,46,33254.91,33050.24"
"39,47,18.0,19.0"
"39,49,8012.22,9384.66"
"39,51,7.76,1.56"
"39,52,2730.43,1869.68"
"39,54,39.88,5.88"
"39,55,10390.99,8686.86"
"39,56,1357.35,1754.16"
"39,58,2390.0,5340.0"
"39,59,204.82,196.58"
"39,60,486.0,333.0"
"39,67,12192.45,12556.14"
"39,71,6218.67,7047.23"
"39,72,51833.63,53838.43"
"39,74,21779.11,21567.0"
"39,77,14.96,9.86"
"39,78,12.0,12.0"
"39,79,43880.45,43700.54"
"39,80,13909.82,14263.75"
"39,81,20232.22,19970.9"
"39,82,23266.28,22546.26"
"39,83,5687.21,6146.06"
"39,85,1069.1,1182.22"
"39,87,7806.35,8641.57"
"39,90,87632.95,88184.36"
"39,91,63392.5,67145.56"
"39,92,125396.21,130357.54"
"39,93,45735.05,46622.41"
"39,94,69672.5,69228.78"
"39,95,114734.96,116744.89"
"39,96,28887.53,29447.82"
"39,97,27092.3,27905.05"
"39,98,13332.12,11315.74"
"39,99,110.0,915.0"
"40,1,24689.25,22123.52"
"40,2,24220.81,24332.14"
"40,3,4998.45,4661.38"
"40,4,23462.71,23069.57"
"40,5,14285.09,15045.85"
"40,6,1913.35,2863.32"
"40,7,16327.91,15586.59"
"40,8,35684.99,35096.14"
"40,9,19661.48,18019.5"
"40,10,23942.44,21598.24"
"40,11,12216.53,14683.88"
"40,12,4078.23,4261.15"
"40,13,21119.09,20789.83"
"40,14,10920.75,11386.74"
"40,16,4343.71,4038.74"
"40,17,8468.22,8582.81"
"40,18,11161.87,8149.19"
"40,19,-15.0,16.0"
"40,20,2895.03,3144.51"
"40,21,6069.21,5659.99"
"40,22,5292.07,6930.76"
"40,23,14027.6,15830.3"
"40,24,2697.35,2922.2"
"40,25,5252.15,5957.89"
"40,26,4172.15,4750.24"
"40,27,1398.04,1237.62"
"40,28,466.49,481.03"
"40,29,2595.56,3740.08"
"40,30,2193.46,2081.8"
"40,31,1200.92,1569.42"
"40,32,4259.24,3774.0"
"40,33,3474.71,4238.5"
"40,34,7239.76,7384.62"
"40,35,1469.74,1871.53"
"40,36,720.8,645.0"
"40,37,2469.25,2341.55"
"40,38,36641.71,38662.73"
"40,40,33158.41,33879.63"
"40,41,192.44,224.0"
"40,42,5043.68,4642.89"
"40,44,3930.62,3685.51"
"40,45,17.91,83.79"
"40,46,8087.91,8260.46"
"40,47,-34.98,30.92"
"40,48,894.0,2234.0"
"40,49,60.0,20.94"
"40,51,4.16,3.5"
"40,52,913.76,1045.04"
"40,54,25.0,11.0"
"40,55,7460.95,5804.34"
"40,56,732.46,762.71"
"40,58,6975.0,3085.0"
"40,59,134.01,75.33"
"40,60,189.0,153.0"
"40,67,6056.88,6936.06"
"40,71,1594.56,2166.6"
"40,72,29888.04,35486.77"
"40,74,10099.56,8695.53"
"40,77,204.0,408.0"
"40,78,3.0,12.0"
"40,79,12232.71,11613.21"
"40,80,15630.14,15840.13"
"40,81,18686.25,18440.18"
"40,82,15933.08,14629.65"
"40,83,2421.15,2039.97"
"40,85,1691.51,1363.27"
"40,87,24638.96,21846.83"
"40,90,61155.87,60902.1"
"40,91,39716.14,39822.46"
"40,92,91275.7,93142.06"
"40,93,25158.46,26365.78"
"40,94,32845.06,30927.79"
"40,95,61950.15,59278.67"
"40,96,12911.09,13053.75"
"40,97,15555.73,15849.89"
"40,98,7978.21,8373.59"
"40,99,60.0,280.0"
"41,1,39498.1,31650.28"
"41,2,47645.15,49272.79"
"41,3,11582.4,11299.11"
"41,4,32699.78,33107.99"
"41,5,26750.82,26942.68"
"41,6,3191.19,3411.52"
"41,7,22784.76,22202.43"
"41,8,36680.47,38437.73"
"41,9,24740.34,40359.06"
"41,10,19876.67,18836.35"
"41,11,14446.58,14749.31"
"41,12,4550.3,4842.74"
"41,13,34076.71,36061.03"
"41,14,16355.99,16421.24"
"41,16,4686.39,4885.05"
"41,17,12472.95,13530.44"
"41,18,20517.78,18018.76"
"41,19,2232.49,1434.68"
"41,20,4399.35,4170.01"
"41,21,4417.46,4822.05"
"41,22,10365.66,10458.12"
"41,23,22995.55,20089.03"
"41,24,6206.37,5051.3"
"41,25,11299.92,8349.21"
"41,26,8688.87,7516.45"
"41,27,1993.6,1951.62"
"41,28,1061.47,759.62"
"41,29,4893.9,4468.21"
"41,30,2521.34,2192.98"
"41,31,2411.66,2167.5"
"41,32,4339.15,4870.79"
"41,33,7067.08,7142.74"
"41,34,13533.02,12437.65"
"41,35,2555.56,1894.86"
"41,36,1570.28,1812.07"
"41,37,4.5,1.5"
"41,38,52724.84,45844.47"
"41,40,58540.86,58983.61"
"41,41,2328.29,2196.46"
"41,42,5535.55,5594.21"
"41,44,6264.97,5646.18"
"41,45,41.82,5.97"
"41,46,24766.52,26406.84"
"41,47,279.0,-279.0"
"41,48,3096.0,5228.0"
"41,49,5785.61,7086.65"
"41,51,-176.4,7.92"
"41,52,3056.98,2436.51"
"41,54,28.8,38.92"
"41,55,7325.34,5797.49"
"41,56,383.35,777.62"
"41,58,6885.0,8565.0"
"41,59,302.6,339.21"
"41,60,576.0,459.0"
"41,67,9967.96,8820.9"
"41,71,3849.6,4944.6"
"41,72,43156.7,45777.19"
"41,74,16292.31,17179.84"
"41,77,8.44,198.0"
"41,78,7.0,0.0"
"41,79,22083.76,20861.32"
"41,80,17751.1,18140.02"
"41,81,19685.98,20350.6"
"41,82,19384.88,20217.92"
"41,83,3039.24,3028.69"
"41,85,1845.64,2133.55"
"41,87,14536.3,15878.77"
"41,90,79524.89,80713.86"
"41,91,55571.18,56503.49"
"41,92,131128.24,132903.53"
"41,93,38924.05,36342.37"
"41,94,52291.69,52341.74"
"41,95,90219.27,94011.14"
"41,96,2627.65,3062.9"
"41,97,20661.76,20912.24"
"41,98,11218.87,11049.03"
"41,99,29.88,230.03"
"42,1,13237.19,11195.14"
"42,2,15833.01,16346.69"
"42,3,689.74,677.5"
"42,4,14585.63,14717.73"
"42,5,775.92,657.46"
"42,6,10.0,4.54"
"42,7,325.96,370.46"
"42,8,19046.81,20533.96"
"42,9,236.75,131.27"
"42,10,419.85,426.89"
"42,11,615.05,683.35"
"42,12,85.49,96.67"
"42,13,13620.56,15103.8"
"42,14,1180.09,1196.69"
"42,16,762.14,916.75"
"42,17,503.89,514.82"
"42,18,995.5,606.79"
"42,20,6.68,37.4"
"42,21,1044.93,955.37"
"42,22,46.54,218.38"
"42,23,6.92,30.8"
"42,24,7.97,3.97"
"42,25,30.9,86.18"
"42,26,-6.24,0.87"
"42,27,89.41,71.87"
"42,28,49.56,46.61"
"42,31,20.0,5.0"
"42,32,8.0,15.0"
"42,33,2.5,5.0"
"42,34,11.97,0.0"
"42,38,39496.46,40597.9"
"42,40,19874.49,19936.24"
"42,41,9.0,-25.0"
"42,42,192.59,197.42"
"42,44,-2.47,0.0"
"42,46,6014.05,6439.1"
"42,49,49.85,37.82"
"42,52,22.71,33.41"
"42,55,-9.0,5.0"
"42,56,6.88,242.8"
"42,59,11.87,65.75"
"42,60,216.0,243.0"
"42,67,1074.23,1126.98"
"42,71,-199.0,-20.0"
"42,72,-24.98,-37.98"
"42,74,164.06,325.16"
"42,79,12248.12,11929.84"
"42,80,13897.88,13085.84"
"42,81,14529.72,15272.43"
"42,82,7825.99,7699.74"
"42,83,2718.18,3458.27"
"42,85,15.2,28.87"
"42,87,1109.98,1314.86"
"42,90,48793.79,52912.17"
"42,91,34567.83,39779.63"
"42,92,74357.33,78692.97"
"42,93,26805.4,29594.32"
"42,94,33387.91,35211.61"
"42,95,54892.79,58191.16"
"42,96,17296.52,16908.99"
"42,97,14449.62,16729.09"
"42,98,6567.83,5960.84"
"43,1,10452.71,8623.58"
"43,2,18899.79,19740.37"
"43,3,968.42,927.24"
"43,4,15885.89,16461.36"
"43,5,700.52,1004.8"
"43,6,9.88,8.88"
"43,7,229.9,312.31"
"43,8,13118.75,13593.58"
"43,9,63.67,176.41"
"43,10,460.46,406.64"
"43,11,397.39,414.15"
"43,12,56.96,74.42"
"43,13,16135.77,17359.69"
"43,14,1366.85,1716.74"
"43,16,1441.77,1515.82"
"43,17,375.88,393.92"
"43,18,1022.81,617.05"
"43,20,16.0,4.0"
"43,21,1503.97,1383.55"
"43,22,7.94,11.91"
"43,23,47.04,36.96"
"43,24,8.97,-4.5"
"43,25,48.6,44.02"
"43,26,3.25,7.5"
"43,27,4.47,15.24"
"43,28,0.66,0.66"
"43,31,39.0,18.5"
"43,32,5.88,4.88"
"43,33,2.5,5.0"
"43,38,67135.51,54682.76"
"43,40,17620.61,19606.82"
"43,42,206.65,186.71"
"43,44,5.36,4.96"
"43,46,5591.3,6499.0"
"43,49,15.0,5.94"
"43,52,15.03,11.52"
"43,55,-11.88,0.0"
"43,56,15.42,113.78"
"43,59,6.97,5.76"
"43,60,270.0,351.0"
"43,67,1193.73,1523.29"
"43,71,34.88,34.88"
"43,72,226.45,226.46"
"43,74,769.55,666.2"
"43,79,11236.47,12377.24"
"43,80,15484.67,16745.86"
"43,81,17924.69,19261.11"
"43,82,7798.49,7901.43"
"43,83,3217.41,4384.14"
"43,85,0.38,3.42"
"43,87,204.33,199.68"
"43,90,58738.96,64572.09"
"43,91,27716.48,33464.76"
"43,92,75010.86,84388.67"
"43,93,32093.15,36417.41"
"43,94,45399.62,48948.18"
"43,95,64937.96,74508.67"
"43,96,23772.1,23052.53"
"43,97,17697.16,19561.21"
"43,98,10161.98,9422.97"
"43,99,5.0,25.0"
"44,1,13117.6,10262.02"
"44,2,10631.3,9735.02"
"44,3,572.63,571.9"
"44,4,8440.09,7396.17"
"44,5,1059.55,1106.63"
"44,6,12.88,48.64"
"44,7,312.95,266.48"
"44,8,5551.98,5901.33"
"44,9,56.58,81.88"
"44,10,102.88,28.94"
"44,11,631.1,505.12"
"44,12,106.44,25.34"
"44,13,8263.13,7856.93"
"44,14,678.79,729.54"
"44,16,514.16,480.91"
"44,17,378.29,322.21"
"44,18,884.9,724.1"
"44,20,12.0,4.0"
"44,21,655.37,710.01"
"44,22,25.76,12.88"
"44,23,11.94,11.94"
"44,24,15.94,7.97"
"44,25,44.26,35.09"
"44,26,157.09,133.33"
"44,27,26.28,26.91"
"44,28,64.41,63.62"
"44,31,26.88,4.48"
"44,32,36.02,20.0"
"44,33,6.97,38.82"
"44,34,-9.88,0.0"
"44,38,66629.98,45255.05"
"44,40,18039.34,16934.24"
"44,42,33.92,46.64"
"44,44,37.05,19.76"
"44,46,5144.5,5100.49"
"44,49,5.0,5.0"
"44,52,22.0,16.18"
"44,55,-10.0,-11.88"
"44,56,109.05,180.67"
"44,59,7.98,15.96"
"44,60,306.0,333.0"
"44,67,963.08,1041.95"
"44,71,-38.88,-24.97"
"44,72,246.4,105.08"
"44,74,546.68,413.94"
"44,79,4838.87,4625.37"
"44,80,5632.62,5756.62"
"44,81,8096.15,7364.78"
"44,82,4310.25,4194.34"
"44,83,623.61,621.31"
"44,85,147.37,89.29"
"44,87,325.08,429.81"
"44,90,37251.56,34618.8"
"44,91,18756.2,17558.94"
"44,92,51275.07,45630.58"
"44,93,12166.94,12214.94"
"44,94,26641.59,26165.25"
"44,95,32196.45,33382.53"
"44,96,2983.19,3280.83"
"44,97,7054.8,7177.59"
"44,98,4348.96,4233.1"
"44,99,7.0,0.01"
"45,1,27117.16,19128.81"
"45,2,36074.86,34867.75"
"45,3,6726.03,6352.19"
"45,4,24627.94,22874.3"
"45,5,13256.59,16993.53"
"45,6,1086.31,1265.76"
"45,7,20356.73,13403.19"
"45,8,37857.64,37114.38"
"45,9,16049.13,10519.1"
"45,10,13565.63,12848.33"
"45,11,10362.64,11459.41"
"45,12,3791.88,3428.67"
"45,13,26240.14,25701.41"
"45,14,9865.26,10116.17"
"45,16,2660.02,2959.92"
"45,17,10308.6,9466.34"
"45,18,10971.58,9014.44"
"45,19,1350.87,1057.06"
"45,20,3723.93,4060.3"
"45,21,3260.65,3111.61"
"45,22,7971.36,8485.15"
"45,23,19992.29,21940.63"
"45,24,5865.79,6218.39"
"45,25,8308.81,8410.82"
"45,26,8332.12,9154.91"
"45,27,1459.97,1600.51"
"45,28,1206.0,838.59"
"45,29,3923.41,4117.7"
"45,30,1992.0,1953.45"
"45,31,1903.56,2558.3"
"45,32,4131.54,2216.94"
"45,33,5291.62,5452.57"
"45,34,13951.44,14689.04"
"45,35,1712.08,2274.09"
"45,36,1506.97,1119.59"
"45,38,47799.07,54427.64"
"45,40,38673.87,38408.23"
"45,41,1954.67,2125.11"
"45,42,4894.78,4764.14"
"45,44,3144.09,3184.57"
"45,45,10.47,11.94"
"45,46,13329.25,11860.95"
"45,47,39.96,224.0"
"45,49,10.0,-6.83"
"45,51,0.5,2.5"
"45,52,1104.16,980.35"
"45,54,23.92,10.0"
"45,55,3458.17,3297.22"
"45,56,937.72,1261.35"
"45,58,275.0,4055.0"
"45,59,191.98,113.31"
"45,60,117.0,180.0"
"45,67,5772.09,5876.71"
"45,71,2789.38,3722.48"
"45,72,33366.6,27602.28"
"45,74,9814.88,8794.8"
"45,77,175.0,164.96"
"45,78,1.0,15.0"
"45,79,14618.6,13547.76"
"45,80,670.88,740.05"
"45,81,14693.09,14132.65"
"45,82,17360.33,13658.52"
"45,83,717.82,746.22"
"45,85,1689.1,1405.09"
"45,87,8187.66,7440.25"
"45,90,25352.32,23236.49"
"45,91,16330.84,15985.6"
"45,92,54608.75,48108.38"
"45,93,2487.8,2270.5"
"45,94,5203.31,4655.65"
"45,95,56017.47,48434.97"
"45,96,2.94,3.0"
"45,97,6817.48,5575.9"
"45,98,1076.8,760.01"
